[
    {
        "label": "apple",
        "point": [
            140.0,
            166.0
        ],
        "radius": 11.180439949035645
    },
    {
        "label": "apple",
        "point": [
            134.5,
            114.0
        ],
        "radius": 26.215553283691406
    },
    {
        "label": "apple",
        "point": [
            151.5,
            95.5
        ],
        "radius": 14.916534423828125
    },
    {
        "label": "apple",
        "point": [
            145.0,
            4.5
        ],
        "radius": 4.924529075622559
    },
    {
        "label": "apple",
        "point": [
            127.67646789550781,
            3.838235378265381
        ],
        "radius": 9.746065139770508
    }
]