[
    {
        "label": "apple",
        "point": [
            163.5,
            146.5
        ],
        "radius": 5.522780418395996
    },
    {
        "label": "apple",
        "point": [
            164.0,
            135.0
        ],
        "radius": 3.1623775959014893
    },
    {
        "label": "apple",
        "point": [
            163.0,
            122.5
        ],
        "radius": 4.717090606689453
    },
    {
        "label": "apple",
        "point": [
            239.6713104248047,
            124.58366394042969
        ],
        "radius": 10.787182807922363
    },
    {
        "label": "apple",
        "point": [
            157.0263214111328,
            115.7631607055664
        ],
        "radius": 5.176351070404053
    },
    {
        "label": "apple",
        "point": [
            256.21429443359375,
            108.64286041259766
        ],
        "radius": 1.8211692571640015
    },
    {
        "label": "apple",
        "point": [
            220.0,
            105.5
        ],
        "radius": 5.2202534675598145
    },
    {
        "label": "apple",
        "point": [
            241.5,
            101.5
        ],
        "radius": 1.581238865852356
    },
    {
        "label": "apple",
        "point": [
            237.0,
            103.0
        ],
        "radius": 3.6056511402130127
    },
    {
        "label": "apple",
        "point": [
            157.27777099609375,
            96.16666412353516
        ],
        "radius": 3.900881052017212
    },
    {
        "label": "apple",
        "point": [
            218.18182373046875,
            92.90908813476562
        ],
        "radius": 5.182709693908691
    },
    {
        "label": "apple",
        "point": [
            237.12025451660156,
            91.52531433105469
        ],
        "radius": 6.620880126953125
    },
    {
        "label": "apple",
        "point": [
            22.0,
            83.5
        ],
        "radius": 1.1181340217590332
    },
    {
        "label": "apple",
        "point": [
            170.5,
            84.0
        ],
        "radius": 7.762187480926514
    },
    {
        "label": "apple",
        "point": [
            30.0,
            83.5
        ],
        "radius": 2.061652660369873
    },
    {
        "label": "apple",
        "point": [
            223.0,
            81.0
        ],
        "radius": 4.242740631103516
    },
    {
        "label": "apple",
        "point": [
            257.5,
            77.5
        ],
        "radius": 1.581238865852356
    },
    {
        "label": "apple",
        "point": [
            240.0,
            76.5
        ],
        "radius": 1.1181340217590332
    },
    {
        "label": "apple",
        "point": [
            189.0,
            77.0
        ],
        "radius": 1.000100016593933
    },
    {
        "label": "apple",
        "point": [
            259.0,
            74.5
        ],
        "radius": 1.1181340217590332
    },
    {
        "label": "apple",
        "point": [
            192.0,
            73.0
        ],
        "radius": 2.2361679077148438
    },
    {
        "label": "apple",
        "point": [
            186.0,
            74.5
        ],
        "radius": 2.6926822662353516
    },
    {
        "label": "apple",
        "point": [
            30.0,
            75.5
        ],
        "radius": 4.031229019165039
    },
    {
        "label": "apple",
        "point": [
            250.75,
            71.25
        ],
        "radius": 1.7678669691085815
    },
    {
        "label": "apple",
        "point": [
            212.0,
            70.5
        ],
        "radius": 2.5000998973846436
    },
    {
        "label": "apple",
        "point": [
            44.5,
            70.5
        ],
        "radius": 2.12142014503479
    },
    {
        "label": "apple",
        "point": [
            50.5,
            69.0
        ],
        "radius": 2.5000998973846436
    },
    {
        "label": "apple",
        "point": [
            248.5,
            67.0
        ],
        "radius": 1.1181340217590332
    },
    {
        "label": "apple",
        "point": [
            253.0,
            65.5
        ],
        "radius": 2.061652660369873
    },
    {
        "label": "apple",
        "point": [
            153.0,
            78.5
        ],
        "radius": 17.44286346435547
    },
    {
        "label": "apple",
        "point": [
            37.0,
            64.0
        ],
        "radius": 1.414313554763794
    },
    {
        "label": "apple",
        "point": [
            212.35714721679688,
            59.5
        ],
        "radius": 3.6771063804626465
    },
    {
        "label": "apple",
        "point": [
            250.5,
            59.0
        ],
        "radius": 4.609872341156006
    },
    {
        "label": "apple",
        "point": [
            254.0,
            56.0
        ],
        "radius": 1.000100016593933
    },
    {
        "label": "apple",
        "point": [
            210.0,
            54.0
        ],
        "radius": 1.000100016593933
    },
    {
        "label": "apple",
        "point": [
            183.0,
            58.0
        ],
        "radius": 7.810349941253662
    },
    {
        "label": "apple",
        "point": [
            245.5,
            54.0
        ],
        "radius": 4.924529075622559
    },
    {
        "label": "apple",
        "point": [
            221.875,
            52.0
        ],
        "radius": 2.1250998973846436
    },
    {
        "label": "apple",
        "point": [
            200.8076934814453,
            55.61538314819336
        ],
        "radius": 6.722070693969727
    },
    {
        "label": "apple",
        "point": [
            65.5,
            52.0
        ],
        "radius": 6.103377819061279
    },
    {
        "label": "apple",
        "point": [
            260.0,
            38.0
        ],
        "radius": 1.414313554763794
    },
    {
        "label": "apple",
        "point": [
            229.0,
            36.5
        ],
        "radius": 1.1181340217590332
    },
    {
        "label": "apple",
        "point": [
            192.0,
            34.0
        ],
        "radius": 2.2361679077148438
    },
    {
        "label": "apple",
        "point": [
            104.0,
            30.5
        ],
        "radius": 4.031229019165039
    },
    {
        "label": "apple",
        "point": [
            243.0,
            26.0
        ],
        "radius": 4.123205661773682
    },
    {
        "label": "apple",
        "point": [
            163.5,
            26.0
        ],
        "radius": 2.6926822662353516
    },
    {
        "label": "apple",
        "point": [
            139.75926208496094,
            24.240739822387695
        ],
        "radius": 9.559133529663086
    },
    {
        "label": "apple",
        "point": [
            116.5,
            19.0
        ],
        "radius": 3.9052248001098633
    },
    {
        "label": "apple",
        "point": [
            98.5,
            16.5
        ],
        "radius": 1.581238865852356
    },
    {
        "label": "apple",
        "point": [
            216.5,
            14.0
        ],
        "radius": 1.1181340217590332
    },
    {
        "label": "apple",
        "point": [
            201.0,
            13.5
        ],
        "radius": 1.1181340217590332
    },
    {
        "label": "apple",
        "point": [
            185.89285278320312,
            6.5714287757873535
        ],
        "radius": 4.14680814743042
    },
    {
        "label": "apple",
        "point": [
            210.0,
            0.5
        ],
        "radius": 1.1181340217590332
    },
    {
        "label": "apple",
        "point": [
            156.5,
            1.0
        ],
        "radius": 1.1181340217590332
    },
    {
        "label": "apple",
        "point": [
            153.0,
            0.5
        ],
        "radius": 1.1181340217590332
    }
]