[
    {
        "label": "apple",
        "point": [
            176.125,
            106.875
        ],
        "radius": 3.0053036212921143
    },
    {
        "label": "apple",
        "point": [
            169.09458923339844,
            118.45945739746094
        ],
        "radius": 18.850971221923828
    },
    {
        "label": "apple",
        "point": [
            225.5,
            100.0
        ],
        "radius": 1.1181340217590332
    },
    {
        "label": "apple",
        "point": [
            140.0,
            92.0
        ],
        "radius": 1.000100016593933
    },
    {
        "label": "apple",
        "point": [
            134.0,
            87.5
        ],
        "radius": 4.031229019165039
    },
    {
        "label": "apple",
        "point": [
            125.5,
            95.0
        ],
        "radius": 21.00605010986328
    },
    {
        "label": "apple",
        "point": [
            44.38798522949219,
            90.02749633789062
        ],
        "radius": 15.892576217651367
    },
    {
        "label": "apple",
        "point": [
            178.83644104003906,
            76.67756652832031
        ],
        "radius": 11.954841613769531
    },
    {
        "label": "apple",
        "point": [
            172.0,
            61.5
        ],
        "radius": 1.1181340217590332
    },
    {
        "label": "apple",
        "point": [
            241.75,
            57.0
        ],
        "radius": 1.250100016593933
    },
    {
        "label": "apple",
        "point": [
            170.0,
            52.33333206176758
        ],
        "radius": 1.6667656898498535
    },
    {
        "label": "apple",
        "point": [
            162.0,
            59.5
        ],
        "radius": 11.543496131896973
    },
    {
        "label": "apple",
        "point": [
            91.10395812988281,
            57.82673263549805
        ],
        "radius": 17.494123458862305
    },
    {
        "label": "apple",
        "point": [
            226.5,
            43.5
        ],
        "radius": 18.398468017578125
    }
]