[
    {
        "label": "apple",
        "point": [
            244.58621215820312,
            168.0689697265625
        ],
        "radius": 6.097305774688721
    },
    {
        "label": "apple",
        "point": [
            169.0,
            155.0
        ],
        "radius": 3.6056511402130127
    },
    {
        "label": "apple",
        "point": [
            189.0,
            150.0
        ],
        "radius": 4.123205661773682
    },
    {
        "label": "apple",
        "point": [
            257.5,
            142.5
        ],
        "radius": 8.514793395996094
    },
    {
        "label": "apple",
        "point": [
            203.61111450195312,
            134.61111450195312
        ],
        "radius": 5.10698127746582
    },
    {
        "label": "apple",
        "point": [
            179.5,
            128.0
        ],
        "radius": 1.1181340217590332
    },
    {
        "label": "apple",
        "point": [
            123.0,
            131.0
        ],
        "radius": 4.000100135803223
    },
    {
        "label": "apple",
        "point": [
            143.0736846923828,
            134.2401580810547
        ],
        "radius": 19.058528900146484
    },
    {
        "label": "apple",
        "point": [
            138.0,
            119.0
        ],
        "radius": 3.0000998973846436
    },
    {
        "label": "apple",
        "point": [
            196.40908813476562,
            111.04545593261719
        ],
        "radius": 2.5914103984832764
    },
    {
        "label": "apple",
        "point": [
            191.5,
            105.5
        ],
        "radius": 1.581238865852356
    },
    {
        "label": "apple",
        "point": [
            101.56877136230469,
            131.38539123535156
        ],
        "radius": 30.56661033630371
    },
    {
        "label": "apple",
        "point": [
            0.5,
            90.0
        ],
        "radius": 1.1181340217590332
    },
    {
        "label": "apple",
        "point": [
            148.75,
            84.0
        ],
        "radius": 1.250100016593933
    },
    {
        "label": "apple",
        "point": [
            158.0,
            83.5
        ],
        "radius": 1.500100016593933
    },
    {
        "label": "apple",
        "point": [
            160.1666717529297,
            66.5
        ],
        "radius": 1.9003875255584717
    },
    {
        "label": "apple",
        "point": [
            183.69862365722656,
            59.657535552978516
        ],
        "radius": 20.764997482299805
    },
    {
        "label": "apple",
        "point": [
            213.0,
            37.5
        ],
        "radius": 1.1181340217590332
    },
    {
        "label": "apple",
        "point": [
            136.5,
            39.5
        ],
        "radius": 5.147915363311768
    },
    {
        "label": "apple",
        "point": [
            243.5,
            36.0
        ],
        "radius": 2.061652660369873
    },
    {
        "label": "apple",
        "point": [
            208.3333282470703,
            34.66666793823242
        ],
        "radius": 2.3571269512176514
    },
    {
        "label": "apple",
        "point": [
            133.5,
            33.0
        ],
        "radius": 1.1181340217590332
    },
    {
        "label": "apple",
        "point": [
            138.0,
            31.0
        ],
        "radius": 1.414313554763794
    },
    {
        "label": "apple",
        "point": [
            211.0,
            26.5
        ],
        "radius": 1.1181340217590332
    },
    {
        "label": "apple",
        "point": [
            141.5,
            20.0
        ],
        "radius": 4.272101879119873
    },
    {
        "label": "apple",
        "point": [
            208.5,
            14.0
        ],
        "radius": 1.8028756380081177
    },
    {
        "label": "apple",
        "point": [
            137.5,
            7.5
        ],
        "radius": 7.106435298919678
    },
    {
        "label": "apple",
        "point": [
            195.06756591796875,
            1.0405405759811401
        ],
        "radius": 4.06787109375
    },
    {
        "label": "apple",
        "point": [
            132.0,
            1.5
        ],
        "radius": 2.5000998973846436
    }
]