[
    {
        "label": "apple",
        "point": [
            95.0,
            146.0
        ],
        "radius": 13.601571083068848
    },
    {
        "label": "apple",
        "point": [
            149.10714721679688,
            127.42857360839844
        ],
        "radius": 4.146804332733154
    },
    {
        "label": "apple",
        "point": [
            149.8333282470703,
            121.83333587646484
        ],
        "radius": 1.1786160469055176
    },
    {
        "label": "apple",
        "point": [
            136.5,
            117.0
        ],
        "radius": 12.777032852172852
    },
    {
        "label": "apple",
        "point": [
            157.125,
            109.8125
        ],
        "radius": 10.040059089660645
    },
    {
        "label": "apple",
        "point": [
            181.0,
            95.5
        ],
        "radius": 1.1181340217590332
    },
    {
        "label": "apple",
        "point": [
            187.0,
            90.5
        ],
        "radius": 3.6401548385620117
    },
    {
        "label": "apple",
        "point": [
            140.0,
            76.0
        ],
        "radius": 2.2361679077148438
    },
    {
        "label": "apple",
        "point": [
            196.5,
            66.0
        ],
        "radius": 1.8028756380081177
    },
    {
        "label": "apple",
        "point": [
            257.5,
            57.0
        ],
        "radius": 2.061652660369873
    },
    {
        "label": "apple",
        "point": [
            149.5,
            61.28571319580078
        ],
        "radius": 8.082900047302246
    },
    {
        "label": "apple",
        "point": [
            92.5,
            54.0
        ],
        "radius": 2.5000998973846436
    },
    {
        "label": "apple",
        "point": [
            180.90908813476562,
            42.818180084228516
        ],
        "radius": 5.182718753814697
    },
    {
        "label": "apple",
        "point": [
            34.0,
            48.0
        ],
        "radius": 15.620599746704102
    },
    {
        "label": "apple",
        "point": [
            118.0,
            45.0
        ],
        "radius": 21.213302612304688
    },
    {
        "label": "apple",
        "point": [
            110.0,
            32.5
        ],
        "radius": 1.1181340217590332
    },
    {
        "label": "apple",
        "point": [
            195.0,
            33.5
        ],
        "radius": 4.924529075622559
    },
    {
        "label": "apple",
        "point": [
            77.0,
            33.260868072509766
        ],
        "radius": 12.75969123840332
    },
    {
        "label": "apple",
        "point": [
            40.0,
            14.5
        ],
        "radius": 4.272101879119873
    },
    {
        "label": "apple",
        "point": [
            18.5,
            3.5
        ],
        "radius": 2.12142014503479
    }
]