[
    {
        "label": "apple",
        "point": [
            48.0,
            100.5
        ],
        "radius": 5.2202534675598145
    },
    {
        "label": "apple",
        "point": [
            62.82474136352539,
            125.16752624511719
        ],
        "radius": 38.84239196777344
    },
    {
        "label": "apple",
        "point": [
            209.5,
            91.0
        ],
        "radius": 32.26850509643555
    },
    {
        "label": "apple",
        "point": [
            141.79762268066406,
            88.5
        ],
        "radius": 42.86372756958008
    }
]