[
    {
        "label": "apple",
        "point": [
            98.5,
            133.0
        ],
        "radius": 3.3542017936706543
    },
    {
        "label": "apple",
        "point": [
            223.0,
            127.5
        ],
        "radius": 6.020897388458252
    },
    {
        "label": "apple",
        "point": [
            138.5,
            132.0
        ],
        "radius": 35.556392669677734
    },
    {
        "label": "apple",
        "point": [
            45.5,
            67.0
        ],
        "radius": 10.920265197753906
    },
    {
        "label": "apple",
        "point": [
            123.5,
            59.0
        ],
        "radius": 3.6401548385620117
    },
    {
        "label": "apple",
        "point": [
            116.5,
            38.5
        ],
        "radius": 3.5356338024139404
    }
]