[
    {
        "label": "apple",
        "point": [
            164.0,
            121.0
        ],
        "radius": 5.099119663238525
    },
    {
        "label": "apple",
        "point": [
            147.1782989501953,
            121.44961547851562
        ],
        "radius": 23.620840072631836
    },
    {
        "label": "apple",
        "point": [
            201.43939208984375,
            110.47306060791016
        ],
        "radius": 15.509610176086426
    },
    {
        "label": "apple",
        "point": [
            81.0,
            105.0
        ],
        "radius": 10.295730590820312
    },
    {
        "label": "apple",
        "point": [
            86.875,
            99.625
        ],
        "radius": 7.675140857696533
    }
]