[
    {
        "label": "apple",
        "point": [
            238.0,
            155.5
        ],
        "radius": 5.590270042419434
    },
    {
        "label": "apple",
        "point": [
            268.5,
            162.0
        ],
        "radius": 14.009025573730469
    },
    {
        "label": "apple",
        "point": [
            12.097122192382812,
            151.92445373535156
        ],
        "radius": 8.149831771850586
    },
    {
        "label": "apple",
        "point": [
            238.5,
            142.5
        ],
        "radius": 3.5356338024139404
    },
    {
        "label": "apple",
        "point": [
            166.08209228515625,
            131.276123046875
        ],
        "radius": 6.992159366607666
    },
    {
        "label": "apple",
        "point": [
            133.5,
            85.0
        ],
        "radius": 35.72473907470703
    }
]