[
    {
        "label": "apple",
        "point": [
            65.61764526367188,
            118.73529052734375
        ],
        "radius": 4.561297416687012
    },
    {
        "label": "apple",
        "point": [
            206.0,
            107.0
        ],
        "radius": 1.414313554763794
    },
    {
        "label": "apple",
        "point": [
            124.02941131591797,
            106.55882263183594
        ],
        "radius": 6.04563045501709
    },
    {
        "label": "apple",
        "point": [
            122.5,
            101.0
        ],
        "radius": 1.1181340217590332
    },
    {
        "label": "apple",
        "point": [
            198.0,
            98.5
        ],
        "radius": 1.1181340217590332
    },
    {
        "label": "apple",
        "point": [
            190.27777099609375,
            94.27777862548828
        ],
        "radius": 3.221369504928589
    },
    {
        "label": "apple",
        "point": [
            68.5,
            92.0
        ],
        "radius": 1.1181340217590332
    },
    {
        "label": "apple",
        "point": [
            146.5,
            88.5
        ],
        "radius": 1.581238865852356
    },
    {
        "label": "apple",
        "point": [
            144.0,
            85.5
        ],
        "radius": 1.1181340217590332
    },
    {
        "label": "apple",
        "point": [
            192.5,
            87.0
        ],
        "radius": 3.9052248001098633
    },
    {
        "label": "apple",
        "point": [
            200.0,
            87.5
        ],
        "radius": 6.265082359313965
    },
    {
        "label": "apple",
        "point": [
            164.5,
            94.0
        ],
        "radius": 41.3189811706543
    },
    {
        "label": "apple",
        "point": [
            103.5,
            69.0
        ],
        "radius": 1.1181340217590332
    },
    {
        "label": "apple",
        "point": [
            123.0,
            62.5
        ],
        "radius": 3.201662063598633
    },
    {
        "label": "apple",
        "point": [
            88.5,
            75.0
        ],
        "radius": 33.634159088134766
    },
    {
        "label": "apple",
        "point": [
            114.5,
            49.5
        ],
        "radius": 1.581238865852356
    },
    {
        "label": "apple",
        "point": [
            159.5,
            28.0
        ],
        "radius": 8.500100135803223
    },
    {
        "label": "apple",
        "point": [
            82.5,
            16.0
        ],
        "radius": 2.6926822662353516
    }
]