[
    {
        "label": "apple",
        "point": [
            45.0,
            182.5
        ],
        "radius": 3.0414812564849854
    },
    {
        "label": "apple",
        "point": [
            233.6666717529297,
            181.5
        ],
        "radius": 3.6553807258605957
    },
    {
        "label": "apple",
        "point": [
            138.0,
            174.5
        ],
        "radius": 4.924529075622559
    },
    {
        "label": "apple",
        "point": [
            40.0,
            171.5
        ],
        "radius": 3.0414812564849854
    },
    {
        "label": "apple",
        "point": [
            38.0,
            167.0
        ],
        "radius": 4.123205661773682
    },
    {
        "label": "apple",
        "point": [
            263.5,
            159.0
        ],
        "radius": 2.6926822662353516
    },
    {
        "label": "apple",
        "point": [
            193.0,
            163.5
        ],
        "radius": 8.732224464416504
    },
    {
        "label": "apple",
        "point": [
            114.0,
            140.7857208251953
        ],
        "radius": 6.121739864349365
    },
    {
        "label": "apple",
        "point": [
            255.5,
            132.0
        ],
        "radius": 1.1181340217590332
    },
    {
        "label": "apple",
        "point": [
            266.5,
            130.5
        ],
        "radius": 1.581238865852356
    },
    {
        "label": "apple",
        "point": [
            249.0,
            127.5
        ],
        "radius": 2.061652660369873
    },
    {
        "label": "apple",
        "point": [
            83.76667022705078,
            129.76666259765625
        ],
        "radius": 5.326971054077148
    },
    {
        "label": "apple",
        "point": [
            27.5,
            127.5
        ],
        "radius": 4.743516445159912
    },
    {
        "label": "apple",
        "point": [
            179.5,
            102.5
        ],
        "radius": 7.106435298919678
    },
    {
        "label": "apple",
        "point": [
            91.0,
            91.5
        ],
        "radius": 3.6401548385620117
    },
    {
        "label": "apple",
        "point": [
            139.0,
            88.0
        ],
        "radius": 5.000100135803223
    },
    {
        "label": "apple",
        "point": [
            201.77999877929688,
            87.77999877929688
        ],
        "radius": 8.909467697143555
    },
    {
        "label": "apple",
        "point": [
            35.59090805053711,
            85.81818389892578
        ],
        "radius": 6.837194442749023
    },
    {
        "label": "apple",
        "point": [
            67.625,
            81.75
        ],
        "radius": 5.427173614501953
    },
    {
        "label": "apple",
        "point": [
            186.5,
            77.0
        ],
        "radius": 1.1181340217590332
    },
    {
        "label": "apple",
        "point": [
            253.0,
            78.5
        ],
        "radius": 8.139510154724121
    },
    {
        "label": "apple",
        "point": [
            156.10000610351562,
            69.0999984741211
        ],
        "radius": 2.1024746894836426
    },
    {
        "label": "apple",
        "point": [
            71.26841735839844,
            61.952632904052734
        ],
        "radius": 6.086375713348389
    },
    {
        "label": "apple",
        "point": [
            57.75,
            50.5
        ],
        "radius": 2.795184850692749
    },
    {
        "label": "apple",
        "point": [
            15.5,
            40.0
        ],
        "radius": 6.020897388458252
    },
    {
        "label": "apple",
        "point": [
            58.5,
            34.0
        ],
        "radius": 3.0414812564849854
    },
    {
        "label": "apple",
        "point": [
            70.0,
            29.5
        ],
        "radius": 8.139510154724121
    },
    {
        "label": "apple",
        "point": [
            50.0,
            29.5
        ],
        "radius": 5.590270042419434
    },
    {
        "label": "apple",
        "point": [
            65.5,
            23.5
        ],
        "radius": 1.581238865852356
    }
]