[
    {
        "label": "apple",
        "point": [
            247.75,
            167.0
        ],
        "radius": 1.250100016593933
    },
    {
        "label": "apple",
        "point": [
            85.0,
            155.0
        ],
        "radius": 1.414313554763794
    },
    {
        "label": "apple",
        "point": [
            135.5,
            155.0
        ],
        "radius": 2.061652660369873
    },
    {
        "label": "apple",
        "point": [
            36.5,
            155.0
        ],
        "radius": 3.3542017936706543
    },
    {
        "label": "apple",
        "point": [
            156.0,
            153.0
        ],
        "radius": 2.2361679077148438
    },
    {
        "label": "apple",
        "point": [
            96.875,
            151.0
        ],
        "radius": 4.0020527839660645
    },
    {
        "label": "apple",
        "point": [
            28.5,
            147.5
        ],
        "radius": 1.581238865852356
    },
    {
        "label": "apple",
        "point": [
            160.5,
            145.5
        ],
        "radius": 1.581238865852356
    },
    {
        "label": "apple",
        "point": [
            86.0,
            145.5
        ],
        "radius": 1.8028756380081177
    },
    {
        "label": "apple",
        "point": [
            49.5,
            142.10000610351562
        ],
        "radius": 3.2650692462921143
    },
    {
        "label": "apple",
        "point": [
            181.0,
            139.0
        ],
        "radius": 2.0000998973846436
    },
    {
        "label": "apple",
        "point": [
            2.0,
            141.0
        ],
        "radius": 2.2361679077148438
    },
    {
        "label": "apple",
        "point": [
            78.5,
            140.5
        ],
        "radius": 4.301262855529785
    },
    {
        "label": "apple",
        "point": [
            153.11538696289062,
            137.34616088867188
        ],
        "radius": 2.507478952407837
    },
    {
        "label": "apple",
        "point": [
            60.0,
            136.5
        ],
        "radius": 2.6926822662353516
    },
    {
        "label": "apple",
        "point": [
            121.5,
            135.0
        ],
        "radius": 2.061652660369873
    },
    {
        "label": "apple",
        "point": [
            116.0,
            136.0
        ],
        "radius": 4.242740631103516
    },
    {
        "label": "apple",
        "point": [
            160.0,
            133.0
        ],
        "radius": 1.000100016593933
    },
    {
        "label": "apple",
        "point": [
            145.0,
            138.0
        ],
        "radius": 6.324655532836914
    },
    {
        "label": "apple",
        "point": [
            74.5,
            133.0
        ],
        "radius": 1.1181340217590332
    },
    {
        "label": "apple",
        "point": [
            215.8333282470703,
            132.1666717529297
        ],
        "radius": 1.1786171197891235
    },
    {
        "label": "apple",
        "point": [
            241.0,
            133.5
        ],
        "radius": 4.031229019165039
    },
    {
        "label": "apple",
        "point": [
            76.5,
            131.0
        ],
        "radius": 1.1181340217590332
    },
    {
        "label": "apple",
        "point": [
            180.64285278320312,
            130.7857208251953
        ],
        "radius": 1.821177363395691
    },
    {
        "label": "apple",
        "point": [
            133.0,
            136.0
        ],
        "radius": 8.602425575256348
    },
    {
        "label": "apple",
        "point": [
            29.0,
            128.25
        ],
        "radius": 3.40046763420105
    },
    {
        "label": "apple",
        "point": [
            26.5,
            123.5
        ],
        "radius": 1.581238865852356
    },
    {
        "label": "apple",
        "point": [
            13.5,
            124.5
        ],
        "radius": 4.527792930603027
    },
    {
        "label": "apple",
        "point": [
            249.0,
            120.5
        ],
        "radius": 1.1181340217590332
    },
    {
        "label": "apple",
        "point": [
            19.0,
            121.0
        ],
        "radius": 1.000100016593933
    },
    {
        "label": "apple",
        "point": [
            156.75,
            118.0
        ],
        "radius": 2.0156643390655518
    },
    {
        "label": "apple",
        "point": [
            99.87974548339844,
            123.1329116821289
        ],
        "radius": 7.18705940246582
    },
    {
        "label": "apple",
        "point": [
            249.5,
            117.0
        ],
        "radius": 4.031229019165039
    },
    {
        "label": "apple",
        "point": [
            111.5,
            116.5
        ],
        "radius": 2.9155757427215576
    },
    {
        "label": "apple",
        "point": [
            165.75,
            114.75
        ],
        "radius": 2.850538492202759
    },
    {
        "label": "apple",
        "point": [
            191.0,
            115.5
        ],
        "radius": 6.020897388458252
    },
    {
        "label": "apple",
        "point": [
            75.86666870117188,
            114.03333282470703
        ],
        "radius": 4.125495910644531
    },
    {
        "label": "apple",
        "point": [
            147.5,
            119.5
        ],
        "radius": 10.606701850891113
    },
    {
        "label": "apple",
        "point": [
            85.5,
            108.0
        ],
        "radius": 1.1181340217590332
    },
    {
        "label": "apple",
        "point": [
            24.0,
            108.5
        ],
        "radius": 1.8028756380081177
    },
    {
        "label": "apple",
        "point": [
            49.0,
            107.0
        ],
        "radius": 1.414313554763794
    },
    {
        "label": "apple",
        "point": [
            42.5,
            108.5
        ],
        "radius": 2.9155757427215576
    },
    {
        "label": "apple",
        "point": [
            224.0,
            107.0
        ],
        "radius": 2.2361679077148438
    },
    {
        "label": "apple",
        "point": [
            53.5,
            110.0
        ],
        "radius": 5.2202534675598145
    },
    {
        "label": "apple",
        "point": [
            234.5,
            108.0
        ],
        "radius": 4.031229019165039
    },
    {
        "label": "apple",
        "point": [
            170.0,
            107.0
        ],
        "radius": 7.071167945861816
    },
    {
        "label": "apple",
        "point": [
            157.0,
            102.5
        ],
        "radius": 3.0414812564849854
    },
    {
        "label": "apple",
        "point": [
            132.0,
            106.5
        ],
        "radius": 5.4084272384643555
    },
    {
        "label": "apple",
        "point": [
            104.30000305175781,
            105.69999694824219
        ],
        "radius": 4.356703281402588
    },
    {
        "label": "apple",
        "point": [
            61.0,
            103.5
        ],
        "radius": 1.500100016593933
    },
    {
        "label": "apple",
        "point": [
            225.8333282470703,
            101.83333587646484
        ],
        "radius": 1.1786160469055176
    },
    {
        "label": "apple",
        "point": [
            84.5,
            102.0
        ],
        "radius": 1.8028756380081177
    },
    {
        "label": "apple",
        "point": [
            33.1315803527832,
            103.7631607055664
        ],
        "radius": 4.325023174285889
    },
    {
        "label": "apple",
        "point": [
            253.0,
            96.0
        ],
        "radius": 1.414313554763794
    },
    {
        "label": "apple",
        "point": [
            234.0,
            96.5
        ],
        "radius": 2.061652660369873
    },
    {
        "label": "apple",
        "point": [
            158.5,
            96.0
        ],
        "radius": 1.1181340217590332
    },
    {
        "label": "apple",
        "point": [
            67.0,
            95.66666412353516
        ],
        "radius": 1.6667686700820923
    },
    {
        "label": "apple",
        "point": [
            162.0,
            96.5
        ],
        "radius": 4.609872341156006
    },
    {
        "label": "apple",
        "point": [
            110.0,
            95.5
        ],
        "radius": 2.5000998973846436
    },
    {
        "label": "apple",
        "point": [
            52.5,
            95.0
        ],
        "radius": 2.5000998973846436
    },
    {
        "label": "apple",
        "point": [
            251.5,
            101.0
        ],
        "radius": 13.200478553771973
    },
    {
        "label": "apple",
        "point": [
            145.0,
            98.5
        ],
        "radius": 7.762187480926514
    },
    {
        "label": "apple",
        "point": [
            95.16666412353516,
            92.16666412353516
        ],
        "radius": 1.1786149740219116
    },
    {
        "label": "apple",
        "point": [
            188.80337524414062,
            98.01685333251953
        ],
        "radius": 9.019096374511719
    },
    {
        "label": "apple",
        "point": [
            104.5,
            89.0
        ],
        "radius": 1.1181340217590332
    },
    {
        "label": "apple",
        "point": [
            214.0,
            95.0
        ],
        "radius": 8.544103622436523
    },
    {
        "label": "apple",
        "point": [
            59.0,
            89.5
        ],
        "radius": 4.609872341156006
    },
    {
        "label": "apple",
        "point": [
            200.5,
            90.5
        ],
        "radius": 7.905794143676758
    },
    {
        "label": "apple",
        "point": [
            233.18182373046875,
            86.86363983154297
        ],
        "radius": 5.005256652832031
    },
    {
        "label": "apple",
        "point": [
            38.0,
            84.0
        ],
        "radius": 2.2361679077148438
    },
    {
        "label": "apple",
        "point": [
            209.8333282470703,
            82.16666412353516
        ],
        "radius": 1.1786160469055176
    },
    {
        "label": "apple",
        "point": [
            1.0,
            83.0
        ],
        "radius": 2.2361679077148438
    },
    {
        "label": "apple",
        "point": [
            257.5,
            83.5
        ],
        "radius": 4.527792930603027
    },
    {
        "label": "apple",
        "point": [
            96.0,
            82.9375
        ],
        "radius": 4.062600135803223
    },
    {
        "label": "apple",
        "point": [
            110.0,
            84.5
        ],
        "radius": 9.552586555480957
    },
    {
        "label": "apple",
        "point": [
            185.5,
            82.0
        ],
        "radius": 6.103377819061279
    },
    {
        "label": "apple",
        "point": [
            132.30487060546875,
            85.13414764404297
        ],
        "radius": 9.160660743713379
    },
    {
        "label": "apple",
        "point": [
            61.5,
            77.0
        ],
        "radius": 3.3542017936706543
    },
    {
        "label": "apple",
        "point": [
            8.0,
            79.0
        ],
        "radius": 5.656954288482666
    },
    {
        "label": "apple",
        "point": [
            33.5,
            75.0
        ],
        "radius": 3.3542017936706543
    },
    {
        "label": "apple",
        "point": [
            216.0,
            74.0
        ],
        "radius": 3.6056511402130127
    },
    {
        "label": "apple",
        "point": [
            81.5,
            72.0
        ],
        "radius": 1.1181340217590332
    },
    {
        "label": "apple",
        "point": [
            210.0,
            75.5
        ],
        "radius": 7.43313455581665
    },
    {
        "label": "apple",
        "point": [
            85.0,
            69.5
        ],
        "radius": 4.031229019165039
    },
    {
        "label": "apple",
        "point": [
            226.0806427001953,
            70.66129302978516
        ],
        "radius": 6.978771686553955
    },
    {
        "label": "apple",
        "point": [
            145.5,
            66.0
        ],
        "radius": 3.0414812564849854
    },
    {
        "label": "apple",
        "point": [
            85.83333587646484,
            63.83333206176758
        ],
        "radius": 1.178609013557434
    },
    {
        "label": "apple",
        "point": [
            152.5,
            62.5
        ],
        "radius": 3.8079864978790283
    },
    {
        "label": "apple",
        "point": [
            139.5,
            61.0
        ],
        "radius": 2.061652660369873
    },
    {
        "label": "apple",
        "point": [
            186.10000610351562,
            59.5
        ],
        "radius": 3.140159845352173
    },
    {
        "label": "apple",
        "point": [
            120.5,
            59.0
        ],
        "radius": 2.061652660369873
    },
    {
        "label": "apple",
        "point": [
            241.0,
            60.5
        ],
        "radius": 4.924529075622559
    },
    {
        "label": "apple",
        "point": [
            172.75767517089844,
            72.4325180053711
        ],
        "radius": 16.584901809692383
    },
    {
        "label": "apple",
        "point": [
            54.099998474121094,
            60.5
        ],
        "radius": 4.632595062255859
    },
    {
        "label": "apple",
        "point": [
            93.5,
            54.5
        ],
        "radius": 5.700977325439453
    },
    {
        "label": "apple",
        "point": [
            157.60000610351562,
            53.599998474121094
        ],
        "radius": 4.617453575134277
    },
    {
        "label": "apple",
        "point": [
            224.5,
            49.25
        ],
        "radius": 2.795184850692749
    },
    {
        "label": "apple",
        "point": [
            190.0,
            47.0
        ],
        "radius": 1.000100016593933
    },
    {
        "label": "apple",
        "point": [
            133.5,
            49.0
        ],
        "radius": 3.3542017936706543
    },
    {
        "label": "apple",
        "point": [
            110.0,
            49.0
        ],
        "radius": 3.1623775959014893
    },
    {
        "label": "apple",
        "point": [
            204.5,
            50.0
        ],
        "radius": 5.2202534675598145
    },
    {
        "label": "apple",
        "point": [
            190.0,
            43.0
        ],
        "radius": 1.414313554763794
    },
    {
        "label": "apple",
        "point": [
            263.0,
            43.66666793823242
        ],
        "radius": 4.772706031799316
    },
    {
        "label": "apple",
        "point": [
            255.0,
            40.0
        ],
        "radius": 2.2361679077148438
    },
    {
        "label": "apple",
        "point": [
            200.0,
            41.42856979370117
        ],
        "radius": 3.5715267658233643
    },
    {
        "label": "apple",
        "point": [
            177.5,
            42.0
        ],
        "radius": 6.500100135803223
    },
    {
        "label": "apple",
        "point": [
            136.0,
            37.0
        ],
        "radius": 2.2361679077148438
    },
    {
        "label": "apple",
        "point": [
            32.5,
            33.5
        ],
        "radius": 2.549609661102295
    },
    {
        "label": "apple",
        "point": [
            162.5,
            31.5
        ],
        "radius": 1.581238865852356
    },
    {
        "label": "apple",
        "point": [
            114.0,
            30.0
        ],
        "radius": 5.000100135803223
    },
    {
        "label": "apple",
        "point": [
            77.0,
            34.0
        ],
        "radius": 9.486932754516602
    },
    {
        "label": "apple",
        "point": [
            117.5,
            25.0
        ],
        "radius": 1.1181340217590332
    },
    {
        "label": "apple",
        "point": [
            13.5,
            29.75
        ],
        "radius": 6.270068168640137
    },
    {
        "label": "apple",
        "point": [
            175.0,
            28.5
        ],
        "radius": 8.321758270263672
    },
    {
        "label": "apple",
        "point": [
            145.0,
            27.0
        ],
        "radius": 5.831051826477051
    },
    {
        "label": "apple",
        "point": [
            55.0,
            26.0
        ],
        "radius": 5.831051826477051
    },
    {
        "label": "apple",
        "point": [
            83.0,
            20.0
        ],
        "radius": 2.2361679077148438
    },
    {
        "label": "apple",
        "point": [
            54.5,
            19.5
        ],
        "radius": 1.581238865852356
    },
    {
        "label": "apple",
        "point": [
            94.5999984741211,
            18.0
        ],
        "radius": 2.6001012325286865
    },
    {
        "label": "apple",
        "point": [
            82.0,
            14.5
        ],
        "radius": 2.061652660369873
    },
    {
        "label": "apple",
        "point": [
            11.0,
            14.625
        ],
        "radius": 2.577040910720825
    },
    {
        "label": "apple",
        "point": [
            207.22222900390625,
            17.08333396911621
        ],
        "radius": 5.228300094604492
    },
    {
        "label": "apple",
        "point": [
            68.5,
            11.5
        ],
        "radius": 1.581238865852356
    },
    {
        "label": "apple",
        "point": [
            16.5,
            9.5
        ],
        "radius": 2.9155757427215576
    },
    {
        "label": "apple",
        "point": [
            267.0,
            10.0
        ],
        "radius": 4.472236156463623
    },
    {
        "label": "apple",
        "point": [
            139.5,
            8.5
        ],
        "radius": 3.8079864978790283
    },
    {
        "label": "apple",
        "point": [
            82.54545593261719,
            8.636363983154297
        ],
        "radius": 3.664761543273926
    },
    {
        "label": "apple",
        "point": [
            180.625,
            2.0
        ],
        "radius": 2.577040910720825
    },
    {
        "label": "apple",
        "point": [
            94.5,
            3.5
        ],
        "radius": 4.94984769821167
    },
    {
        "label": "apple",
        "point": [
            31.0,
            4.0
        ],
        "radius": 4.472236156463623
    }
]