[
    {
        "label": "apple",
        "point": [
            99.0,
            142.5
        ],
        "radius": 1.1181340217590332
    },
    {
        "label": "apple",
        "point": [
            163.5,
            131.0
        ],
        "radius": 1.1181340217590332
    },
    {
        "label": "apple",
        "point": [
            134.01612854003906,
            140.5
        ],
        "radius": 31.0202579498291
    },
    {
        "label": "apple",
        "point": [
            120.16666412353516,
            122.5
        ],
        "radius": 2.6353321075439453
    },
    {
        "label": "apple",
        "point": [
            164.0,
            22.0
        ],
        "radius": 2.2361679077148438
    }
]