[
    {
        "label": "apple",
        "point": [
            258.29998779296875,
            163.5
        ],
        "radius": 16.62358283996582
    },
    {
        "label": "apple",
        "point": [
            2.0,
            131.5
        ],
        "radius": 2.6926822662353516
    },
    {
        "label": "apple",
        "point": [
            230.5,
            99.5
        ],
        "radius": 2.549609661102295
    },
    {
        "label": "apple",
        "point": [
            265.5,
            96.5
        ],
        "radius": 3.5356338024139404
    },
    {
        "label": "apple",
        "point": [
            187.5,
            91.0
        ],
        "radius": 3.201662063598633
    },
    {
        "label": "apple",
        "point": [
            193.0,
            84.0
        ],
        "radius": 2.2361679077148438
    },
    {
        "label": "apple",
        "point": [
            145.0,
            79.0
        ],
        "radius": 2.0000998973846436
    },
    {
        "label": "apple",
        "point": [
            123.5,
            93.5
        ],
        "radius": 36.776451110839844
    },
    {
        "label": "apple",
        "point": [
            161.0,
            77.0
        ],
        "radius": 16.763153076171875
    },
    {
        "label": "apple",
        "point": [
            59.0,
            38.5
        ],
        "radius": 5.590270042419434
    },
    {
        "label": "apple",
        "point": [
            54.0,
            31.0
        ],
        "radius": 5.000100135803223
    },
    {
        "label": "apple",
        "point": [
            8.75,
            26.0
        ],
        "radius": 8.310484886169434
    },
    {
        "label": "apple",
        "point": [
            22.0,
            22.5
        ],
        "radius": 1.1181340217590332
    }
]