[
    {
        "label": "apple",
        "point": [
            110.5,
            142.5
        ],
        "radius": 1.581238865852356
    },
    {
        "label": "apple",
        "point": [
            113.5,
            132.0
        ],
        "radius": 1.500100016593933
    },
    {
        "label": "apple",
        "point": [
            197.0,
            126.5
        ],
        "radius": 1.1181340217590332
    },
    {
        "label": "apple",
        "point": [
            148.6999969482422,
            121.69999694824219
        ],
        "radius": 1.838581919670105
    },
    {
        "label": "apple",
        "point": [
            193.0,
            106.0
        ],
        "radius": 1.000100016593933
    },
    {
        "label": "apple",
        "point": [
            107.5,
            105.5
        ],
        "radius": 1.581238865852356
    },
    {
        "label": "apple",
        "point": [
            171.0,
            101.5
        ],
        "radius": 3.3542017936706543
    },
    {
        "label": "apple",
        "point": [
            134.0,
            101.0
        ],
        "radius": 3.6056511402130127
    },
    {
        "label": "apple",
        "point": [
            219.0,
            96.5
        ],
        "radius": 1.1181340217590332
    },
    {
        "label": "apple",
        "point": [
            230.5,
            94.0
        ],
        "radius": 1.500100016593933
    },
    {
        "label": "apple",
        "point": [
            266.5,
            88.5
        ],
        "radius": 1.581238865852356
    },
    {
        "label": "apple",
        "point": [
            171.86363220214844,
            86.95454406738281
        ],
        "radius": 2.136951208114624
    },
    {
        "label": "apple",
        "point": [
            240.0,
            85.5
        ],
        "radius": 7.159010887145996
    },
    {
        "label": "apple",
        "point": [
            83.5,
            83.5
        ],
        "radius": 1.581238865852356
    },
    {
        "label": "apple",
        "point": [
            134.0,
            84.0
        ],
        "radius": 2.2361679077148438
    },
    {
        "label": "apple",
        "point": [
            207.0,
            84.0
        ],
        "radius": 6.708303928375244
    },
    {
        "label": "apple",
        "point": [
            250.0,
            79.5
        ],
        "radius": 3.0414812564849854
    },
    {
        "label": "apple",
        "point": [
            95.5,
            78.5
        ],
        "radius": 1.581238865852356
    },
    {
        "label": "apple",
        "point": [
            56.0,
            79.0
        ],
        "radius": 3.1623775959014893
    },
    {
        "label": "apple",
        "point": [
            236.0,
            78.0
        ],
        "radius": 5.000100135803223
    },
    {
        "label": "apple",
        "point": [
            197.0,
            72.5
        ],
        "radius": 3.0414812564849854
    },
    {
        "label": "apple",
        "point": [
            49.5,
            70.5
        ],
        "radius": 2.9155757427215576
    },
    {
        "label": "apple",
        "point": [
            257.0,
            69.0
        ],
        "radius": 7.071167945861816
    },
    {
        "label": "apple",
        "point": [
            238.5,
            69.5
        ],
        "radius": 2.9155757427215576
    },
    {
        "label": "apple",
        "point": [
            59.20000076293945,
            69.0
        ],
        "radius": 2.973313093185425
    },
    {
        "label": "apple",
        "point": [
            52.9375,
            62.0
        ],
        "radius": 4.062600135803223
    },
    {
        "label": "apple",
        "point": [
            18.0,
            60.5
        ],
        "radius": 2.061652660369873
    },
    {
        "label": "apple",
        "point": [
            32.5,
            56.5
        ],
        "radius": 3.8079864978790283
    },
    {
        "label": "apple",
        "point": [
            10.289473533630371,
            54.55263137817383
        ],
        "radius": 2.7663888931274414
    },
    {
        "label": "apple",
        "point": [
            176.39999389648438,
            48.0
        ],
        "radius": 2.6001060009002686
    },
    {
        "label": "apple",
        "point": [
            121.5,
            47.5
        ],
        "radius": 4.527792930603027
    },
    {
        "label": "apple",
        "point": [
            52.5,
            44.0
        ],
        "radius": 2.6926822662353516
    },
    {
        "label": "apple",
        "point": [
            227.0,
            39.0
        ],
        "radius": 1.000100016593933
    },
    {
        "label": "apple",
        "point": [
            176.0,
            39.0
        ],
        "radius": 2.2361679077148438
    },
    {
        "label": "apple",
        "point": [
            41.5,
            38.5
        ],
        "radius": 1.581238865852356
    },
    {
        "label": "apple",
        "point": [
            194.5,
            37.0
        ],
        "radius": 4.924529075622559
    },
    {
        "label": "apple",
        "point": [
            29.0,
            34.5
        ],
        "radius": 3.3542017936706543
    },
    {
        "label": "apple",
        "point": [
            45.5,
            30.5
        ],
        "radius": 2.549609661102295
    },
    {
        "label": "apple",
        "point": [
            34.0,
            25.0
        ],
        "radius": 2.0000998973846436
    },
    {
        "label": "apple",
        "point": [
            127.0,
            20.5
        ],
        "radius": 3.0414812564849854
    },
    {
        "label": "apple",
        "point": [
            46.0,
            19.5
        ],
        "radius": 1.1181340217590332
    },
    {
        "label": "apple",
        "point": [
            71.5,
            9.0
        ],
        "radius": 1.1181340217590332
    },
    {
        "label": "apple",
        "point": [
            127.5,
            9.0
        ],
        "radius": 2.6926822662353516
    },
    {
        "label": "apple",
        "point": [
            75.125,
            7.0
        ],
        "radius": 2.1250998973846436
    }
]