[
    {
        "label": "apple",
        "point": [
            104.5,
            36.5
        ],
        "radius": 1.581238865852356
    },
    {
        "label": "apple",
        "point": [
            118.0,
            33.0
        ],
        "radius": 1.000100016593933
    },
    {
        "label": "apple",
        "point": [
            139.5,
            30.5
        ],
        "radius": 1.581238865852356
    },
    {
        "label": "apple",
        "point": [
            145.5,
            20.5
        ],
        "radius": 1.581238865852356
    }
]