[
    {
        "label": "apple",
        "point": [
            92.0,
            161.5
        ],
        "radius": 2.6926822662353516
    },
    {
        "label": "apple",
        "point": [
            69.0,
            159.7142791748047
        ],
        "radius": 3.846651792526245
    },
    {
        "label": "apple",
        "point": [
            223.0,
            146.5
        ],
        "radius": 11.10190200805664
    },
    {
        "label": "apple",
        "point": [
            178.85714721679688,
            71.28571319580078
        ],
        "radius": 11.343531608581543
    },
    {
        "label": "apple",
        "point": [
            183.5,
            22.0
        ],
        "radius": 1.1181340217590332
    }
]