[
    {
        "label": "apple",
        "point": [
            84.5,
            176.0
        ],
        "radius": 1.1181340217590332
    },
    {
        "label": "apple",
        "point": [
            240.5,
            170.5
        ],
        "radius": 5.700977325439453
    },
    {
        "label": "apple",
        "point": [
            196.0,
            157.3333282470703
        ],
        "radius": 1.6667625904083252
    },
    {
        "label": "apple",
        "point": [
            247.8333282470703,
            155.72222900390625
        ],
        "radius": 5.840051174163818
    },
    {
        "label": "apple",
        "point": [
            138.5,
            147.0
        ],
        "radius": 4.609872341156006
    },
    {
        "label": "apple",
        "point": [
            158.0,
            150.0
        ],
        "radius": 10.049975395202637
    },
    {
        "label": "apple",
        "point": [
            235.0,
            146.5
        ],
        "radius": 6.500100135803223
    },
    {
        "label": "apple",
        "point": [
            146.0,
            141.0
        ],
        "radius": 4.123205661773682
    },
    {
        "label": "apple",
        "point": [
            50.0,
            137.0
        ],
        "radius": 2.2361679077148438
    },
    {
        "label": "apple",
        "point": [
            236.8333282470703,
            133.8333282470703
        ],
        "radius": 1.1786171197891235
    },
    {
        "label": "apple",
        "point": [
            229.25,
            128.25
        ],
        "radius": 2.850538492202759
    },
    {
        "label": "apple",
        "point": [
            237.0833282470703,
            110.5
        ],
        "radius": 6.103951454162598
    },
    {
        "label": "apple",
        "point": [
            177.5,
            98.0
        ],
        "radius": 2.5000998973846436
    },
    {
        "label": "apple",
        "point": [
            170.5,
            93.5
        ],
        "radius": 1.581238865852356
    },
    {
        "label": "apple",
        "point": [
            232.5,
            88.0
        ],
        "radius": 5.590270042419434
    },
    {
        "label": "apple",
        "point": [
            19.5,
            75.5
        ],
        "radius": 2.549609661102295
    },
    {
        "label": "apple",
        "point": [
            50.61111068725586,
            75.61111450195312
        ],
        "radius": 3.6625545024871826
    },
    {
        "label": "apple",
        "point": [
            213.5,
            71.5
        ],
        "radius": 1.581238865852356
    },
    {
        "label": "apple",
        "point": [
            35.0,
            69.0
        ],
        "radius": 8.24631118774414
    },
    {
        "label": "apple",
        "point": [
            182.5,
            67.0
        ],
        "radius": 4.609872341156006
    },
    {
        "label": "apple",
        "point": [
            37.5,
            65.0
        ],
        "radius": 1.1181340217590332
    },
    {
        "label": "apple",
        "point": [
            13.0,
            64.5
        ],
        "radius": 1.1181340217590332
    },
    {
        "label": "apple",
        "point": [
            32.5,
            54.0
        ],
        "radius": 1.1181340217590332
    },
    {
        "label": "apple",
        "point": [
            182.5,
            55.5
        ],
        "radius": 5.700977325439453
    },
    {
        "label": "apple",
        "point": [
            46.5,
            47.5
        ],
        "radius": 1.581238865852356
    },
    {
        "label": "apple",
        "point": [
            38.0,
            47.0
        ],
        "radius": 5.385264873504639
    }
]