[
    {
        "label": "apple",
        "point": [
            120.78571319580078,
            182.64285278320312
        ],
        "radius": 1.821182370185852
    },
    {
        "label": "apple",
        "point": [
            211.5,
            171.0
        ],
        "radius": 1.1181340217590332
    },
    {
        "label": "apple",
        "point": [
            129.0,
            172.5
        ],
        "radius": 3.3542017936706543
    },
    {
        "label": "apple",
        "point": [
            144.26470947265625,
            170.26470947265625
        ],
        "radius": 6.031300067901611
    },
    {
        "label": "apple",
        "point": [
            201.0,
            162.0
        ],
        "radius": 1.000100016593933
    },
    {
        "label": "apple",
        "point": [
            118.0,
            162.5
        ],
        "radius": 2.5000998973846436
    },
    {
        "label": "apple",
        "point": [
            107.5,
            157.5
        ],
        "radius": 1.581238865852356
    },
    {
        "label": "apple",
        "point": [
            187.5,
            160.5
        ],
        "radius": 17.39262580871582
    },
    {
        "label": "apple",
        "point": [
            164.0,
            156.0
        ],
        "radius": 1.414313554763794
    },
    {
        "label": "apple",
        "point": [
            158.0,
            137.5
        ],
        "radius": 2.5000998973846436
    },
    {
        "label": "apple",
        "point": [
            92.0,
            129.0
        ],
        "radius": 1.414313554763794
    },
    {
        "label": "apple",
        "point": [
            266.8333435058594,
            128.8333282470703
        ],
        "radius": 2.1731576919555664
    },
    {
        "label": "apple",
        "point": [
            253.5,
            127.0
        ],
        "radius": 2.061652660369873
    },
    {
        "label": "apple",
        "point": [
            153.13551330566406,
            133.9112091064453
        ],
        "radius": 10.152591705322266
    },
    {
        "label": "apple",
        "point": [
            150.5,
            119.0
        ],
        "radius": 11.500100135803223
    },
    {
        "label": "apple",
        "point": [
            255.0,
            108.0
        ],
        "radius": 1.414313554763794
    },
    {
        "label": "apple",
        "point": [
            192.0,
            135.0
        ],
        "radius": 33.121089935302734
    },
    {
        "label": "apple",
        "point": [
            130.5,
            111.0999984741211
        ],
        "radius": 5.1245527267456055
    },
    {
        "label": "apple",
        "point": [
            242.8333282470703,
            100.16666412353516
        ],
        "radius": 1.1786160469055176
    },
    {
        "label": "apple",
        "point": [
            126.0,
            98.0
        ],
        "radius": 16.03131866455078
    },
    {
        "label": "apple",
        "point": [
            239.5,
            78.5
        ],
        "radius": 1.581238865852356
    },
    {
        "label": "apple",
        "point": [
            127.0,
            79.0
        ],
        "radius": 1.414313554763794
    },
    {
        "label": "apple",
        "point": [
            0.5,
            33.5
        ],
        "radius": 2.549609661102295
    },
    {
        "label": "apple",
        "point": [
            70.5,
            26.5
        ],
        "radius": 2.549609661102295
    }
]