[
    {
        "label": "apple",
        "point": [
            154.0,
            177.5
        ],
        "radius": 4.031229019165039
    },
    {
        "label": "apple",
        "point": [
            62.5,
            152.0
        ],
        "radius": 3.0414812564849854
    },
    {
        "label": "apple",
        "point": [
            117.5,
            124.0
        ],
        "radius": 4.272101879119873
    },
    {
        "label": "apple",
        "point": [
            163.5,
            111.0
        ],
        "radius": 6.18475866317749
    },
    {
        "label": "apple",
        "point": [
            69.03488159179688,
            109.10465240478516
        ],
        "radius": 7.1700053215026855
    },
    {
        "label": "apple",
        "point": [
            92.75,
            95.625
        ],
        "radius": 7.661896705627441
    },
    {
        "label": "apple",
        "point": [
            120.56896209716797,
            88.1551742553711
        ],
        "radius": 7.656713008880615
    },
    {
        "label": "apple",
        "point": [
            152.0,
            79.0
        ],
        "radius": 5.831051826477051
    },
    {
        "label": "apple",
        "point": [
            48.52941131591797,
            74.05882263183594
        ],
        "radius": 6.7903337478637695
    },
    {
        "label": "apple",
        "point": [
            202.1666717529297,
            12.166666984558105
        ],
        "radius": 2.1731631755828857
    },
    {
        "label": "apple",
        "point": [
            254.0,
            2.0
        ],
        "radius": 1.000100016593933
    },
    {
        "label": "apple",
        "point": [
            243.5,
            0.5
        ],
        "radius": 1.581238865852356
    }
]