[
    {
        "label": "apple",
        "point": [
            47.29999923706055,
            157.3000030517578
        ],
        "radius": 1.838577151298523
    },
    {
        "label": "apple",
        "point": [
            60.75,
            156.0
        ],
        "radius": 1.250100016593933
    },
    {
        "label": "apple",
        "point": [
            187.0,
            151.5
        ],
        "radius": 1.1181340217590332
    },
    {
        "label": "apple",
        "point": [
            237.0,
            144.0
        ],
        "radius": 3.6056511402130127
    },
    {
        "label": "apple",
        "point": [
            211.0,
            142.25
        ],
        "radius": 1.250100016593933
    },
    {
        "label": "apple",
        "point": [
            239.0,
            127.5
        ],
        "radius": 1.1181340217590332
    },
    {
        "label": "apple",
        "point": [
            64.5,
            120.5
        ],
        "radius": 1.581238865852356
    },
    {
        "label": "apple",
        "point": [
            72.0,
            116.5
        ],
        "radius": 1.1181340217590332
    },
    {
        "label": "apple",
        "point": [
            36.0,
            115.0
        ],
        "radius": 2.2361679077148438
    },
    {
        "label": "apple",
        "point": [
            45.5,
            108.0
        ],
        "radius": 2.061652660369873
    },
    {
        "label": "apple",
        "point": [
            245.5,
            91.5
        ],
        "radius": 1.581238865852356
    },
    {
        "label": "apple",
        "point": [
            49.25,
            87.0
        ],
        "radius": 1.250100016593933
    },
    {
        "label": "apple",
        "point": [
            41.0,
            79.0
        ],
        "radius": 1.000100016593933
    },
    {
        "label": "apple",
        "point": [
            13.5,
            75.0
        ],
        "radius": 1.8028756380081177
    },
    {
        "label": "apple",
        "point": [
            28.5,
            69.5
        ],
        "radius": 2.12142014503479
    },
    {
        "label": "apple",
        "point": [
            17.0,
            68.5
        ],
        "radius": 3.0414812564849854
    },
    {
        "label": "apple",
        "point": [
            267.5,
            68.0
        ],
        "radius": 1.8028756380081177
    },
    {
        "label": "apple",
        "point": [
            238.5,
            67.5
        ],
        "radius": 2.549609661102295
    },
    {
        "label": "apple",
        "point": [
            66.5,
            65.0
        ],
        "radius": 1.8028756380081177
    },
    {
        "label": "apple",
        "point": [
            218.5,
            59.5
        ],
        "radius": 1.581238865852356
    },
    {
        "label": "apple",
        "point": [
            35.5,
            35.5
        ],
        "radius": 1.581238865852356
    },
    {
        "label": "apple",
        "point": [
            249.5,
            33.0
        ],
        "radius": 1.1181340217590332
    },
    {
        "label": "apple",
        "point": [
            12.5,
            32.5
        ],
        "radius": 1.581238865852356
    },
    {
        "label": "apple",
        "point": [
            62.0,
            28.5
        ],
        "radius": 1.1181340217590332
    },
    {
        "label": "apple",
        "point": [
            218.5,
            28.0
        ],
        "radius": 1.500100016593933
    },
    {
        "label": "apple",
        "point": [
            245.0,
            4.0
        ],
        "radius": 2.0000998973846436
    }
]