[
    {
        "label": "apple",
        "point": [
            208.0,
            177.5
        ],
        "radius": 2.5000998973846436
    },
    {
        "label": "apple",
        "point": [
            21.0,
            171.5
        ],
        "radius": 6.800835609436035
    },
    {
        "label": "apple",
        "point": [
            188.91175842285156,
            169.61764526367188
        ],
        "radius": 5.459136009216309
    },
    {
        "label": "apple",
        "point": [
            191.0,
            146.5
        ],
        "radius": 4.031229019165039
    },
    {
        "label": "apple",
        "point": [
            75.7272720336914,
            145.36363220214844
        ],
        "radius": 6.757408142089844
    },
    {
        "label": "apple",
        "point": [
            210.29310607910156,
            141.87930297851562
        ],
        "radius": 5.169344425201416
    },
    {
        "label": "apple",
        "point": [
            5.939024448394775,
            140.18292236328125
        ],
        "radius": 6.899237632751465
    },
    {
        "label": "apple",
        "point": [
            179.0,
            129.5
        ],
        "radius": 5.852449893951416
    },
    {
        "label": "apple",
        "point": [
            124.5,
            124.5
        ],
        "radius": 1.581238865852356
    },
    {
        "label": "apple",
        "point": [
            145.0,
            124.5
        ],
        "radius": 1.8028756380081177
    },
    {
        "label": "apple",
        "point": [
            159.71951293945312,
            127.84146118164062
        ],
        "radius": 7.3622565269470215
    },
    {
        "label": "apple",
        "point": [
            119.0,
            122.0
        ],
        "radius": 1.414313554763794
    },
    {
        "label": "apple",
        "point": [
            142.5,
            118.0
        ],
        "radius": 1.1181340217590332
    },
    {
        "label": "apple",
        "point": [
            126.5,
            117.5
        ],
        "radius": 3.5356338024139404
    },
    {
        "label": "apple",
        "point": [
            105.0,
            120.5
        ],
        "radius": 6.18475866317749
    },
    {
        "label": "apple",
        "point": [
            91.78571319580078,
            116.78571319580078
        ],
        "radius": 5.353909969329834
    },
    {
        "label": "apple",
        "point": [
            156.5,
            108.0
        ],
        "radius": 1.1181340217590332
    },
    {
        "label": "apple",
        "point": [
            18.5,
            108.5
        ],
        "radius": 1.581238865852356
    },
    {
        "label": "apple",
        "point": [
            79.6891860961914,
            109.12162017822266
        ],
        "radius": 8.324797630310059
    },
    {
        "label": "apple",
        "point": [
            136.0,
            107.0
        ],
        "radius": 6.403224468231201
    },
    {
        "label": "apple",
        "point": [
            68.0,
            105.0
        ],
        "radius": 4.123205661773682
    },
    {
        "label": "apple",
        "point": [
            191.0,
            108.31578826904297
        ],
        "radius": 10.13833999633789
    },
    {
        "label": "apple",
        "point": [
            46.0,
            106.5
        ],
        "radius": 9.861641883850098
    },
    {
        "label": "apple",
        "point": [
            77.5,
            97.0
        ],
        "radius": 1.1181340217590332
    },
    {
        "label": "apple",
        "point": [
            86.5,
            94.0
        ],
        "radius": 1.1181340217590332
    },
    {
        "label": "apple",
        "point": [
            95.66666412353516,
            99.0
        ],
        "radius": 7.490837574005127
    },
    {
        "label": "apple",
        "point": [
            55.0,
            92.0
        ],
        "radius": 4.242740631103516
    },
    {
        "label": "apple",
        "point": [
            244.8333282470703,
            84.5
        ],
        "radius": 1.9003955125808716
    },
    {
        "label": "apple",
        "point": [
            181.7857208251953,
            83.21428680419922
        ],
        "radius": 2.5254790782928467
    },
    {
        "label": "apple",
        "point": [
            142.0099334716797,
            84.28807830810547
        ],
        "radius": 10.167749404907227
    },
    {
        "label": "apple",
        "point": [
            124.5,
            76.0
        ],
        "radius": 1.8028756380081177
    },
    {
        "label": "apple",
        "point": [
            156.0,
            74.0
        ],
        "radius": 5.099119663238525
    },
    {
        "label": "apple",
        "point": [
            115.68075561523438,
            83.48250579833984
        ],
        "radius": 12.767226219177246
    },
    {
        "label": "apple",
        "point": [
            0.5,
            77.5
        ],
        "radius": 6.5193023681640625
    },
    {
        "label": "apple",
        "point": [
            133.0,
            68.5
        ],
        "radius": 4.031229019165039
    },
    {
        "label": "apple",
        "point": [
            244.3360595703125,
            73.94261932373047
        ],
        "radius": 9.664203643798828
    },
    {
        "label": "apple",
        "point": [
            151.0,
            67.0
        ],
        "radius": 2.2361679077148438
    },
    {
        "label": "apple",
        "point": [
            40.5,
            73.0
        ],
        "radius": 9.178879737854004
    },
    {
        "label": "apple",
        "point": [
            130.5,
            56.5
        ],
        "radius": 3.5356338024139404
    },
    {
        "label": "apple",
        "point": [
            102.0,
            62.0
        ],
        "radius": 8.062357902526855
    },
    {
        "label": "apple",
        "point": [
            85.80000305175781,
            54.5
        ],
        "radius": 6.685154914855957
    },
    {
        "label": "apple",
        "point": [
            3.5,
            50.0
        ],
        "radius": 10.30786418914795
    },
    {
        "label": "apple",
        "point": [
            242.5,
            37.5
        ],
        "radius": 9.192488670349121
    },
    {
        "label": "apple",
        "point": [
            42.5,
            35.0
        ],
        "radius": 3.0414812564849854
    },
    {
        "label": "apple",
        "point": [
            194.875,
            32.125
        ],
        "radius": 8.77684497833252
    },
    {
        "label": "apple",
        "point": [
            244.85000610351562,
            25.0
        ],
        "radius": 5.246283531188965
    },
    {
        "label": "apple",
        "point": [
            31.0,
            28.5
        ],
        "radius": 12.855060577392578
    },
    {
        "label": "apple",
        "point": [
            229.0,
            17.0
        ],
        "radius": 7.280210018157959
    },
    {
        "label": "apple",
        "point": [
            51.0,
            10.5
        ],
        "radius": 1.1181340217590332
    },
    {
        "label": "apple",
        "point": [
            132.25,
            2.625
        ],
        "radius": 5.427173614501953
    },
    {
        "label": "apple",
        "point": [
            58.0,
            4.0
        ],
        "radius": 10.440406799316406
    },
    {
        "label": "apple",
        "point": [
            6.0,
            15.0
        ],
        "radius": 15.811488151550293
    }
]