[
    {
        "label": "apple",
        "point": [
            160.5,
            119.0
        ],
        "radius": 18.309932708740234
    },
    {
        "label": "apple",
        "point": [
            136.0,
            102.0
        ],
        "radius": 1.000100016593933
    },
    {
        "label": "apple",
        "point": [
            133.5,
            93.0
        ],
        "radius": 1.1181340217590332
    },
    {
        "label": "apple",
        "point": [
            128.61111450195312,
            87.61111450195312
        ],
        "radius": 3.662550926208496
    },
    {
        "label": "apple",
        "point": [
            119.83009338378906,
            94.7330093383789
        ],
        "radius": 20.315650939941406
    },
    {
        "label": "apple",
        "point": [
            41.43394470214844,
            90.4522933959961
        ],
        "radius": 15.642909049987793
    },
    {
        "label": "apple",
        "point": [
            168.9120635986328,
            79.77135467529297
        ],
        "radius": 9.677284240722656
    },
    {
        "label": "apple",
        "point": [
            177.5,
            70.5
        ],
        "radius": 1.581238865852356
    },
    {
        "label": "apple",
        "point": [
            158.5,
            61.0
        ],
        "radius": 13.313627243041992
    },
    {
        "label": "apple",
        "point": [
            87.54798889160156,
            57.061920166015625
        ],
        "radius": 16.632551193237305
    },
    {
        "label": "apple",
        "point": [
            217.5,
            43.0
        ],
        "radius": 18.309932708740234
    }
]