[
    {
        "label": "apple",
        "point": [
            102.5,
            135.0
        ],
        "radius": 1.1181340217590332
    },
    {
        "label": "apple",
        "point": [
            100.0,
            130.0
        ],
        "radius": 2.2361679077148438
    },
    {
        "label": "apple",
        "point": [
            217.5,
            127.0
        ],
        "radius": 7.566473007202148
    },
    {
        "label": "apple",
        "point": [
            138.5,
            134.5
        ],
        "radius": 31.504066467285156
    },
    {
        "label": "apple",
        "point": [
            152.0,
            90.0
        ],
        "radius": 2.0000998973846436
    },
    {
        "label": "apple",
        "point": [
            136.5,
            66.5
        ],
        "radius": 1.581238865852356
    },
    {
        "label": "apple",
        "point": [
            60.5,
            66.0
        ],
        "radius": 2.6926822662353516
    },
    {
        "label": "apple",
        "point": [
            51.0,
            70.5
        ],
        "radius": 8.381627082824707
    },
    {
        "label": "apple",
        "point": [
            125.5,
            59.0
        ],
        "radius": 3.6401548385620117
    },
    {
        "label": "apple",
        "point": [
            162.0,
            45.0
        ],
        "radius": 2.0000998973846436
    },
    {
        "label": "apple",
        "point": [
            117.5,
            37.5
        ],
        "radius": 2.9155757427215576
    }
]