[
    {
        "label": "apple",
        "point": [
            55.5,
            100.0
        ],
        "radius": 4.609872341156006
    },
    {
        "label": "apple",
        "point": [
            68.70618438720703,
            125.44845581054688
        ],
        "radius": 35.319244384765625
    },
    {
        "label": "apple",
        "point": [
            201.5,
            90.5
        ],
        "radius": 31.18503189086914
    },
    {
        "label": "apple",
        "point": [
            140.1542510986328,
            90.22872161865234
        ],
        "radius": 38.53002166748047
    }
]