[
    {
        "label": "apple",
        "point": [
            96.35713958740234,
            141.5
        ],
        "radius": 3.6771137714385986
    },
    {
        "label": "apple",
        "point": [
            93.0,
            137.5
        ],
        "radius": 1.1181340217590332
    },
    {
        "label": "apple",
        "point": [
            80.96428680419922,
            137.0
        ],
        "radius": 7.035813331604004
    },
    {
        "label": "apple",
        "point": [
            124.0,
            135.0
        ],
        "radius": 2.0000998973846436
    },
    {
        "label": "apple",
        "point": [
            129.0,
            132.0
        ],
        "radius": 3.0000998973846436
    },
    {
        "label": "apple",
        "point": [
            84.5,
            131.5
        ],
        "radius": 1.581238865852356
    },
    {
        "label": "apple",
        "point": [
            91.0,
            129.0
        ],
        "radius": 2.2361679077148438
    },
    {
        "label": "apple",
        "point": [
            125.0,
            128.5
        ],
        "radius": 1.500100016593933
    },
    {
        "label": "apple",
        "point": [
            99.5,
            130.0
        ],
        "radius": 4.272101879119873
    },
    {
        "label": "apple",
        "point": [
            109.0,
            123.0
        ],
        "radius": 2.0000998973846436
    },
    {
        "label": "apple",
        "point": [
            134.5,
            122.5
        ],
        "radius": 1.581238865852356
    },
    {
        "label": "apple",
        "point": [
            157.5,
            115.5
        ],
        "radius": 1.581238865852356
    },
    {
        "label": "apple",
        "point": [
            116.0,
            126.0
        ],
        "radius": 14.866168975830078
    },
    {
        "label": "apple",
        "point": [
            167.5,
            114.0
        ],
        "radius": 6.800835609436035
    },
    {
        "label": "apple",
        "point": [
            185.10000610351562,
            115.5
        ],
        "radius": 7.915901184082031
    },
    {
        "label": "apple",
        "point": [
            153.375,
            110.5625
        ],
        "radius": 3.668482542037964
    },
    {
        "label": "apple",
        "point": [
            136.0,
            64.0
        ],
        "radius": 2.2361679077148438
    },
    {
        "label": "apple",
        "point": [
            169.5,
            60.0
        ],
        "radius": 9.394247055053711
    },
    {
        "label": "apple",
        "point": [
            238.27272033691406,
            32.3636360168457
        ],
        "radius": 4.693159580230713
    },
    {
        "label": "apple",
        "point": [
            248.5,
            28.5
        ],
        "radius": 1.581238865852356
    },
    {
        "label": "apple",
        "point": [
            156.3000030517578,
            13.699999809265137
        ],
        "radius": 1.838574767112732
    },
    {
        "label": "apple",
        "point": [
            76.5,
            15.0
        ],
        "radius": 3.6401548385620117
    },
    {
        "label": "apple",
        "point": [
            177.2586212158203,
            2.9482758045196533
        ],
        "radius": 3.424239158630371
    }
]