[
    {
        "label": "apple",
        "point": [
            104.5,
            36.5
        ],
        "radius": 1.581238865852356
    },
    {
        "label": "apple",
        "point": [
            116.75,
            33.0
        ],
        "radius": 1.250100016593933
    },
    {
        "label": "apple",
        "point": [
            139.3333282470703,
            30.0
        ],
        "radius": 1.6667717695236206
    },
    {
        "label": "apple",
        "point": [
            146.0,
            21.0
        ],
        "radius": 1.000100016593933
    },
    {
        "label": "apple",
        "point": [
            228.5,
            9.0
        ],
        "radius": 1.1181340217590332
    },
    {
        "label": "apple",
        "point": [
            179.0,
            1.0
        ],
        "radius": 1.000100016593933
    }
]