[
    {
        "label": "apple",
        "point": [
            262.5,
            182.0
        ],
        "radius": 2.061652660369873
    },
    {
        "label": "apple",
        "point": [
            259.0,
            178.5
        ],
        "radius": 1.1181340217590332
    },
    {
        "label": "apple",
        "point": [
            254.89999389648438,
            171.89999389648438
        ],
        "radius": 2.1024858951568604
    },
    {
        "label": "apple",
        "point": [
            119.5,
            168.0
        ],
        "radius": 1.8028756380081177
    },
    {
        "label": "apple",
        "point": [
            76.43548583984375,
            177.14515686035156
        ],
        "radius": 14.77424144744873
    },
    {
        "label": "apple",
        "point": [
            264.5,
            149.0
        ],
        "radius": 3.6401548385620117
    },
    {
        "label": "apple",
        "point": [
            93.5,
            144.5
        ],
        "radius": 2.12142014503479
    },
    {
        "label": "apple",
        "point": [
            267.0,
            140.5
        ],
        "radius": 2.061652660369873
    },
    {
        "label": "apple",
        "point": [
            86.5,
            121.0
        ],
        "radius": 1.1181340217590332
    },
    {
        "label": "apple",
        "point": [
            106.0,
            119.5
        ],
        "radius": 2.5000998973846436
    },
    {
        "label": "apple",
        "point": [
            170.00233459472656,
            132.34812927246094
        ],
        "radius": 20.280717849731445
    },
    {
        "label": "apple",
        "point": [
            110.0,
            116.5
        ],
        "radius": 2.061652660369873
    },
    {
        "label": "apple",
        "point": [
            98.0,
            112.5
        ],
        "radius": 13.82941722869873
    },
    {
        "label": "apple",
        "point": [
            125.5,
            99.0
        ],
        "radius": 1.8028756380081177
    },
    {
        "label": "apple",
        "point": [
            126.5,
            93.5
        ],
        "radius": 2.549609661102295
    },
    {
        "label": "apple",
        "point": [
            144.50833129882812,
            92.97916412353516
        ],
        "radius": 23.026546478271484
    },
    {
        "label": "apple",
        "point": [
            121.0,
            45.5
        ],
        "radius": 3.3542017936706543
    },
    {
        "label": "apple",
        "point": [
            127.5,
            50.0
        ],
        "radius": 22.983789443969727
    }
]