[
    {
        "label": "apple",
        "point": [
            237.0,
            155.0
        ],
        "radius": 3.6056511402130127
    },
    {
        "label": "apple",
        "point": [
            267.5,
            162.0
        ],
        "radius": 14.080227851867676
    },
    {
        "label": "apple",
        "point": [
            12.078947067260742,
            150.86842346191406
        ],
        "radius": 7.132113456726074
    },
    {
        "label": "apple",
        "point": [
            239.0,
            143.0
        ],
        "radius": 3.1623775959014893
    },
    {
        "label": "apple",
        "point": [
            166.5,
            132.0
        ],
        "radius": 7.826338291168213
    },
    {
        "label": "apple",
        "point": [
            133.5,
            85.0
        ],
        "radius": 35.72473907470703
    }
]