[
    {
        "label": "apple",
        "point": [
            79.17742156982422,
            173.59677124023438
        ],
        "radius": 7.624373435974121
    },
    {
        "label": "apple",
        "point": [
            76.5,
            156.0
        ],
        "radius": 3.3542017936706543
    },
    {
        "label": "apple",
        "point": [
            91.0,
            161.0
        ],
        "radius": 13.000100135803223
    },
    {
        "label": "apple",
        "point": [
            143.0,
            125.5
        ],
        "radius": 1.1181340217590332
    },
    {
        "label": "apple",
        "point": [
            166.25,
            97.0
        ],
        "radius": 1.250100016593933
    },
    {
        "label": "apple",
        "point": [
            193.5,
            85.5
        ],
        "radius": 2.9155757427215576
    },
    {
        "label": "apple",
        "point": [
            197.19000244140625,
            114.14901733398438
        ],
        "radius": 39.20695114135742
    },
    {
        "label": "apple",
        "point": [
            65.73912811279297,
            84.21739196777344
        ],
        "radius": 7.817729473114014
    },
    {
        "label": "apple",
        "point": [
            145.0,
            100.0
        ],
        "radius": 23.537303924560547
    },
    {
        "label": "apple",
        "point": [
            194.5,
            56.5
        ],
        "radius": 1.581238865852356
    }
]