[
    {
        "label": "apple",
        "point": [
            84.83333587646484,
            177.1666717529297
        ],
        "radius": 1.1786094903945923
    },
    {
        "label": "apple",
        "point": [
            82.5,
            175.0
        ],
        "radius": 1.1181340217590332
    },
    {
        "label": "apple",
        "point": [
            71.5,
            163.5
        ],
        "radius": 1.581238865852356
    },
    {
        "label": "apple",
        "point": [
            97.0,
            157.0
        ],
        "radius": 1.414313554763794
    },
    {
        "label": "apple",
        "point": [
            91.0,
            156.75
        ],
        "radius": 3.40046763420105
    },
    {
        "label": "apple",
        "point": [
            121.64286041259766,
            140.35714721679688
        ],
        "radius": 2.7200210094451904
    },
    {
        "label": "apple",
        "point": [
            217.5,
            129.5
        ],
        "radius": 2.12142014503479
    },
    {
        "label": "apple",
        "point": [
            221.5,
            125.5
        ],
        "radius": 2.549609661102295
    },
    {
        "label": "apple",
        "point": [
            129.5,
            123.5
        ],
        "radius": 2.9155757427215576
    },
    {
        "label": "apple",
        "point": [
            127.0,
            120.0
        ],
        "radius": 2.2361679077148438
    },
    {
        "label": "apple",
        "point": [
            104.57691955566406,
            117.42308044433594
        ],
        "radius": 4.841066837310791
    },
    {
        "label": "apple",
        "point": [
            233.5,
            106.0
        ],
        "radius": 2.061652660369873
    },
    {
        "label": "apple",
        "point": [
            212.0,
            105.5
        ],
        "radius": 10.111974716186523
    },
    {
        "label": "apple",
        "point": [
            180.5,
            95.0
        ],
        "radius": 1.500100016593933
    },
    {
        "label": "apple",
        "point": [
            216.0,
            90.0
        ],
        "radius": 1.000100016593933
    },
    {
        "label": "apple",
        "point": [
            218.0,
            89.0
        ],
        "radius": 6.324655532836914
    },
    {
        "label": "apple",
        "point": [
            226.5,
            85.0
        ],
        "radius": 2.6926822662353516
    },
    {
        "label": "apple",
        "point": [
            220.5,
            84.0
        ],
        "radius": 1.1181340217590332
    },
    {
        "label": "apple",
        "point": [
            98.0,
            78.0
        ],
        "radius": 1.000100016593933
    },
    {
        "label": "apple",
        "point": [
            70.0,
            71.0
        ],
        "radius": 1.000100016593933
    },
    {
        "label": "apple",
        "point": [
            163.0,
            70.0
        ],
        "radius": 3.6056511402130127
    },
    {
        "label": "apple",
        "point": [
            115.5,
            68.5
        ],
        "radius": 3.5356338024139404
    },
    {
        "label": "apple",
        "point": [
            185.5,
            65.5
        ],
        "radius": 1.581238865852356
    },
    {
        "label": "apple",
        "point": [
            145.5,
            56.5
        ],
        "radius": 1.581238865852356
    },
    {
        "label": "apple",
        "point": [
            163.5,
            41.0
        ],
        "radius": 1.1181340217590332
    },
    {
        "label": "apple",
        "point": [
            172.0,
            41.5
        ],
        "radius": 5.4084272384643555
    },
    {
        "label": "apple",
        "point": [
            120.0,
            27.25
        ],
        "radius": 1.250100016593933
    },
    {
        "label": "apple",
        "point": [
            129.5,
            18.5
        ],
        "radius": 2.12142014503479
    },
    {
        "label": "apple",
        "point": [
            137.1666717529297,
            13.166666984558105
        ],
        "radius": 1.17860746383667
    },
    {
        "label": "apple",
        "point": [
            138.0,
            1.0
        ],
        "radius": 1.414313554763794
    }
]