[
    {
        "label": "apple",
        "point": [
            104.69999694824219,
            141.0
        ],
        "radius": 3.4482908248901367
    },
    {
        "label": "apple",
        "point": [
            163.0,
            120.0
        ],
        "radius": 3.6056511402130127
    },
    {
        "label": "apple",
        "point": [
            233.5,
            105.0
        ],
        "radius": 1.8028756380081177
    },
    {
        "label": "apple",
        "point": [
            154.0,
            102.5
        ],
        "radius": 6.265082359313965
    },
    {
        "label": "apple",
        "point": [
            152.0,
            91.5
        ],
        "radius": 1.8028756380081177
    },
    {
        "label": "apple",
        "point": [
            31.0,
            94.0
        ],
        "radius": 5.656954288482666
    },
    {
        "label": "apple",
        "point": [
            57.0,
            93.5
        ],
        "radius": 10.111974716186523
    },
    {
        "label": "apple",
        "point": [
            137.0,
            96.0
        ],
        "radius": 14.212770462036133
    },
    {
        "label": "apple",
        "point": [
            212.20269775390625,
            88.74324035644531
        ],
        "radius": 21.32257080078125
    },
    {
        "label": "apple",
        "point": [
            209.5,
            70.5
        ],
        "radius": 1.581238865852356
    },
    {
        "label": "apple",
        "point": [
            194.5,
            59.0
        ],
        "radius": 2.6926822662353516
    },
    {
        "label": "apple",
        "point": [
            147.5,
            2.5
        ],
        "radius": 1.581238865852356
    }
]