[
    {
        "label": "apple",
        "point": [
            237.5,
            181.5
        ],
        "radius": 5.700977325439453
    },
    {
        "label": "apple",
        "point": [
            255.5,
            180.0
        ],
        "radius": 4.717090606689453
    },
    {
        "label": "apple",
        "point": [
            249.0,
            171.0
        ],
        "radius": 1.414313554763794
    },
    {
        "label": "apple",
        "point": [
            241.5,
            164.5
        ],
        "radius": 1.581238865852356
    },
    {
        "label": "apple",
        "point": [
            233.0,
            153.5
        ],
        "radius": 1.1181340217590332
    },
    {
        "label": "apple",
        "point": [
            113.0,
            140.0
        ],
        "radius": 1.414313554763794
    },
    {
        "label": "apple",
        "point": [
            111.3543701171875,
            160.2637481689453
        ],
        "radius": 42.878726959228516
    },
    {
        "label": "apple",
        "point": [
            232.0,
            127.5
        ],
        "radius": 2.061652660369873
    },
    {
        "label": "apple",
        "point": [
            240.0,
            124.5
        ],
        "radius": 2.6926822662353516
    },
    {
        "label": "apple",
        "point": [
            144.0,
            126.0
        ],
        "radius": 4.472236156463623
    },
    {
        "label": "apple",
        "point": [
            116.0,
            116.0
        ],
        "radius": 2.2361679077148438
    },
    {
        "label": "apple",
        "point": [
            191.3919219970703,
            127.36028289794922
        ],
        "radius": 40.53102111816406
    },
    {
        "label": "apple",
        "point": [
            250.34146118164062,
            78.82926940917969
        ],
        "radius": 18.40673828125
    },
    {
        "label": "apple",
        "point": [
            117.0,
            10.5
        ],
        "radius": 1.500100016593933
    },
    {
        "label": "apple",
        "point": [
            130.85943603515625,
            16.39679718017578
        ],
        "radius": 16.66721534729004
    }
]