[
    {
        "label": "apple",
        "point": [
            106.0,
            183.0
        ],
        "radius": 3.1623775959014893
    },
    {
        "label": "apple",
        "point": [
            45.5,
            179.5
        ],
        "radius": 4.527792930603027
    },
    {
        "label": "apple",
        "point": [
            239.0,
            172.8000030517578
        ],
        "radius": 4.386444091796875
    },
    {
        "label": "apple",
        "point": [
            92.66666412353516,
            165.0
        ],
        "radius": 1.6667686700820923
    },
    {
        "label": "apple",
        "point": [
            31.5,
            162.0
        ],
        "radius": 1.1181340217590332
    },
    {
        "label": "apple",
        "point": [
            112.5,
            161.5
        ],
        "radius": 4.301262855529785
    },
    {
        "label": "apple",
        "point": [
            61.5,
            156.5
        ],
        "radius": 1.581238865852356
    },
    {
        "label": "apple",
        "point": [
            234.73077392578125,
            155.73077392578125
        ],
        "radius": 4.623484134674072
    },
    {
        "label": "apple",
        "point": [
            255.5,
            151.0
        ],
        "radius": 4.031229019165039
    },
    {
        "label": "apple",
        "point": [
            62.0,
            148.5
        ],
        "radius": 3.0414812564849854
    },
    {
        "label": "apple",
        "point": [
            253.5,
            136.5
        ],
        "radius": 6.5193023681640625
    },
    {
        "label": "apple",
        "point": [
            247.0,
            124.5
        ],
        "radius": 4.609872341156006
    },
    {
        "label": "apple",
        "point": [
            81.5,
            118.0
        ],
        "radius": 4.031229019165039
    },
    {
        "label": "apple",
        "point": [
            73.5,
            109.0
        ],
        "radius": 2.6926822662353516
    },
    {
        "label": "apple",
        "point": [
            58.5,
            81.0
        ],
        "radius": 4.924529075622559
    },
    {
        "label": "apple",
        "point": [
            73.5,
            80.5
        ],
        "radius": 9.192488670349121
    },
    {
        "label": "apple",
        "point": [
            250.0,
            82.0
        ],
        "radius": 8.944372177124023
    },
    {
        "label": "apple",
        "point": [
            64.0,
            73.0
        ],
        "radius": 6.082862854003906
    },
    {
        "label": "apple",
        "point": [
            108.5,
            59.5
        ],
        "radius": 4.94984769821167
    },
    {
        "label": "apple",
        "point": [
            228.02468872070312,
            62.14814758300781
        ],
        "radius": 13.535072326660156
    },
    {
        "label": "apple",
        "point": [
            238.0,
            47.0
        ],
        "radius": 4.123205661773682
    }
]