[
    {
        "label": "apple",
        "point": [
            151.5,
            145.5
        ],
        "radius": 44.57026672363281
    },
    {
        "label": "apple",
        "point": [
            216.0,
            86.0
        ],
        "radius": 21.189720153808594
    },
    {
        "label": "apple",
        "point": [
            127.5,
            57.0
        ],
        "radius": 3.201662063598633
    },
    {
        "label": "apple",
        "point": [
            190.0,
            29.5
        ],
        "radius": 2.061652660369873
    },
    {
        "label": "apple",
        "point": [
            168.0,
            46.5
        ],
        "radius": 46.06798553466797
    },
    {
        "label": "apple",
        "point": [
            99.0,
            0.5
        ],
        "radius": 26.004905700683594
    }
]