[
    {
        "label": "apple",
        "point": [
            151.0,
            181.5
        ],
        "radius": 10.30786418914795
    },
    {
        "label": "apple",
        "point": [
            106.5,
            179.0
        ],
        "radius": 15.041708946228027
    },
    {
        "label": "apple",
        "point": [
            147.5,
            142.0
        ],
        "radius": 5.2202534675598145
    },
    {
        "label": "apple",
        "point": [
            129.39157104492188,
            140.07229614257812
        ],
        "radius": 21.697959899902344
    },
    {
        "label": "apple",
        "point": [
            129.5,
            98.5
        ],
        "radius": 7.106435298919678
    },
    {
        "label": "apple",
        "point": [
            107.9750747680664,
            96.50586700439453
        ],
        "radius": 26.196483612060547
    },
    {
        "label": "apple",
        "point": [
            98.0,
            57.5
        ],
        "radius": 5.590270042419434
    },
    {
        "label": "apple",
        "point": [
            144.0,
            46.5
        ],
        "radius": 3.0414812564849854
    },
    {
        "label": "apple",
        "point": [
            181.55117797851562,
            24.43142318725586
        ],
        "radius": 21.707246780395508
    }
]