[
    {
        "label": "apple",
        "point": [
            146.75,
            153.0
        ],
        "radius": 5.153982162475586
    },
    {
        "label": "apple",
        "point": [
            128.5,
            153.5
        ],
        "radius": 5.522780418395996
    },
    {
        "label": "apple",
        "point": [
            137.5,
            119.5
        ],
        "radius": 6.041623115539551
    },
    {
        "label": "apple",
        "point": [
            129.0,
            116.5
        ],
        "radius": 1.1181340217590332
    },
    {
        "label": "apple",
        "point": [
            79.0,
            113.0
        ],
        "radius": 3.1623775959014893
    },
    {
        "label": "apple",
        "point": [
            126.1986312866211,
            108.82876586914062
        ],
        "radius": 5.91851806640625
    },
    {
        "label": "apple",
        "point": [
            144.22000122070312,
            104.22000122070312
        ],
        "radius": 8.909463882446289
    },
    {
        "label": "apple",
        "point": [
            136.5,
            75.0
        ],
        "radius": 1.500100016593933
    },
    {
        "label": "apple",
        "point": [
            112.5,
            69.5
        ],
        "radius": 4.527792930603027
    },
    {
        "label": "apple",
        "point": [
            129.5,
            71.5
        ],
        "radius": 8.631438255310059
    },
    {
        "label": "apple",
        "point": [
            113.0,
            61.0
        ],
        "radius": 2.2361679077148438
    },
    {
        "label": "apple",
        "point": [
            107.5,
            58.5
        ],
        "radius": 3.8079864978790283
    },
    {
        "label": "apple",
        "point": [
            113.30000305175781,
            41.5
        ],
        "radius": 5.860132217407227
    },
    {
        "label": "apple",
        "point": [
            141.5,
            30.0
        ],
        "radius": 1.1181340217590332
    },
    {
        "label": "apple",
        "point": [
            80.5,
            31.5
        ],
        "radius": 3.8079864978790283
    },
    {
        "label": "apple",
        "point": [
            96.0,
            5.5
        ],
        "radius": 4.272101879119873
    }
]