[
    {
        "label": "apple",
        "point": [
            4.0,
            175.5
        ],
        "radius": 1.1181340217590332
    },
    {
        "label": "apple",
        "point": [
            0.5,
            176.5
        ],
        "radius": 1.581238865852356
    },
    {
        "label": "apple",
        "point": [
            221.0,
            165.0
        ],
        "radius": 1.000100016593933
    },
    {
        "label": "apple",
        "point": [
            208.5,
            163.5
        ],
        "radius": 4.743516445159912
    },
    {
        "label": "apple",
        "point": [
            113.0,
            154.5
        ],
        "radius": 4.272101879119873
    },
    {
        "label": "apple",
        "point": [
            94.72950744628906,
            149.72950744628906
        ],
        "radius": 21.642093658447266
    },
    {
        "label": "apple",
        "point": [
            222.0,
            113.5
        ],
        "radius": 1.1181340217590332
    },
    {
        "label": "apple",
        "point": [
            87.0,
            114.0
        ],
        "radius": 21.401033401489258
    },
    {
        "label": "apple",
        "point": [
            71.5,
            97.0
        ],
        "radius": 2.061652660369873
    },
    {
        "label": "apple",
        "point": [
            140.0,
            96.0
        ],
        "radius": 15.297158241271973
    },
    {
        "label": "apple",
        "point": [
            85.0,
            60.0
        ],
        "radius": 1.000100016593933
    },
    {
        "label": "apple",
        "point": [
            47.5,
            71.0
        ],
        "radius": 22.38871192932129
    },
    {
        "label": "apple",
        "point": [
            166.5,
            55.0
        ],
        "radius": 3.9052248001098633
    },
    {
        "label": "apple",
        "point": [
            157.0,
            50.5
        ],
        "radius": 2.061652660369873
    },
    {
        "label": "apple",
        "point": [
            165.5,
            48.5
        ],
        "radius": 2.549609661102295
    },
    {
        "label": "apple",
        "point": [
            160.6999969482422,
            42.29999923706055
        ],
        "radius": 1.8385791778564453
    },
    {
        "label": "apple",
        "point": [
            146.0,
            42.5
        ],
        "radius": 13.313627243041992
    },
    {
        "label": "apple",
        "point": [
            109.5,
            38.5
        ],
        "radius": 20.11228370666504
    }
]