[
    {
        "label": "apple",
        "point": [
            249.0,
            161.5
        ],
        "radius": 1.1181340217590332
    },
    {
        "label": "apple",
        "point": [
            41.5,
            155.0
        ],
        "radius": 1.1181340217590332
    },
    {
        "label": "apple",
        "point": [
            258.5,
            155.5
        ],
        "radius": 2.549609661102295
    },
    {
        "label": "apple",
        "point": [
            59.32352828979492,
            155.61764526367188
        ],
        "radius": 2.703742027282715
    },
    {
        "label": "apple",
        "point": [
            214.0,
            152.5
        ],
        "radius": 1.1181340217590332
    },
    {
        "label": "apple",
        "point": [
            209.0,
            152.5
        ],
        "radius": 1.8028756380081177
    },
    {
        "label": "apple",
        "point": [
            225.0,
            154.5454559326172
        ],
        "radius": 5.545553207397461
    },
    {
        "label": "apple",
        "point": [
            54.0,
            136.5
        ],
        "radius": 1.1181340217590332
    },
    {
        "label": "apple",
        "point": [
            197.34671020507812,
            143.04014587402344
        ],
        "radius": 21.708972930908203
    },
    {
        "label": "apple",
        "point": [
            62.16666793823242,
            123.5
        ],
        "radius": 1.9003911018371582
    },
    {
        "label": "apple",
        "point": [
            246.1666717529297,
            115.5
        ],
        "radius": 1.9003875255584717
    },
    {
        "label": "apple",
        "point": [
            66.5,
            96.0
        ],
        "radius": 2.6926822662353516
    },
    {
        "label": "apple",
        "point": [
            72.0,
            95.5
        ],
        "radius": 1.8028756380081177
    },
    {
        "label": "apple",
        "point": [
            62.5,
            86.0
        ],
        "radius": 4.609872341156006
    },
    {
        "label": "apple",
        "point": [
            35.0,
            22.0
        ],
        "radius": 1.000100016593933
    }
]