[
    {
        "label": "apple",
        "point": [
            168.375,
            182.0
        ],
        "radius": 2.577040910720825
    },
    {
        "label": "apple",
        "point": [
            167.5,
            173.0
        ],
        "radius": 5.02503776550293
    },
    {
        "label": "apple",
        "point": [
            168.0,
            159.0
        ],
        "radius": 4.472236156463623
    },
    {
        "label": "apple",
        "point": [
            168.0,
            151.5
        ],
        "radius": 2.061652660369873
    },
    {
        "label": "apple",
        "point": [
            248.3333282470703,
            158.6666717529297
        ],
        "radius": 12.133617401123047
    },
    {
        "label": "apple",
        "point": [
            160.5,
            145.0
        ],
        "radius": 5.02503776550293
    },
    {
        "label": "apple",
        "point": [
            266.5,
            138.5
        ],
        "radius": 2.549609661102295
    },
    {
        "label": "apple",
        "point": [
            228.5,
            134.5
        ],
        "radius": 5.700977325439453
    },
    {
        "label": "apple",
        "point": [
            215.0,
            127.0
        ],
        "radius": 1.000100016593933
    },
    {
        "label": "apple",
        "point": [
            160.875,
            122.375
        ],
        "radius": 4.759958267211914
    },
    {
        "label": "apple",
        "point": [
            225.23333740234375,
            117.76667022705078
        ],
        "radius": 5.32697057723999
    },
    {
        "label": "apple",
        "point": [
            250.5,
            110.0
        ],
        "radius": 1.1181340217590332
    },
    {
        "label": "apple",
        "point": [
            245.0,
            121.0
        ],
        "radius": 13.153046607971191
    },
    {
        "label": "apple",
        "point": [
            26.0,
            105.0
        ],
        "radius": 1.414313554763794
    },
    {
        "label": "apple",
        "point": [
            230.5,
            103.0
        ],
        "radius": 4.924529075622559
    },
    {
        "label": "apple",
        "point": [
            263.25,
            101.0
        ],
        "radius": 2.0156643390655518
    },
    {
        "label": "apple",
        "point": [
            248.5,
            97.5
        ],
        "radius": 1.581238865852356
    },
    {
        "label": "apple",
        "point": [
            26.0,
            96.0
        ],
        "radius": 4.472236156463623
    },
    {
        "label": "apple",
        "point": [
            260.0,
            91.5
        ],
        "radius": 2.5000998973846436
    },
    {
        "label": "apple",
        "point": [
            197.0,
            92.0
        ],
        "radius": 3.6056511402130127
    },
    {
        "label": "apple",
        "point": [
            191.5,
            93.0
        ],
        "radius": 4.272101879119873
    },
    {
        "label": "apple",
        "point": [
            218.92857360839844,
            88.92857360839844
        ],
        "radius": 3.072356939315796
    },
    {
        "label": "apple",
        "point": [
            45.0,
            88.5
        ],
        "radius": 5.590270042419434
    },
    {
        "label": "apple",
        "point": [
            246.5,
            82.0
        ],
        "radius": 1.8028756380081177
    },
    {
        "label": "apple",
        "point": [
            216.5,
            82.5
        ],
        "radius": 1.581238865852356
    },
    {
        "label": "apple",
        "point": [
            32.0,
            82.0
        ],
        "radius": 1.000100016593933
    },
    {
        "label": "apple",
        "point": [
            260.0384521484375,
            82.57691955566406
        ],
        "radius": 3.984175443649292
    },
    {
        "label": "apple",
        "point": [
            209.5,
            80.5
        ],
        "radius": 2.12142014503479
    },
    {
        "label": "apple",
        "point": [
            160.60000610351562,
            100.19999694824219
        ],
        "radius": 22.63193130493164
    },
    {
        "label": "apple",
        "point": [
            259.43023681640625,
            73.1279067993164
        ],
        "radius": 4.571652889251709
    },
    {
        "label": "apple",
        "point": [
            219.44444274902344,
            74.38888549804688
        ],
        "radius": 4.832159042358398
    },
    {
        "label": "apple",
        "point": [
            267.0,
            69.5
        ],
        "radius": 2.061652660369873
    },
    {
        "label": "apple",
        "point": [
            187.5,
            72.5
        ],
        "radius": 9.924817085266113
    },
    {
        "label": "apple",
        "point": [
            254.1666717529297,
            66.83333587646484
        ],
        "radius": 5.602675914764404
    },
    {
        "label": "apple",
        "point": [
            229.3000030517578,
            64.5
        ],
        "radius": 2.7460029125213623
    },
    {
        "label": "apple",
        "point": [
            207.2894744873047,
            69.39473724365234
        ],
        "radius": 8.424851417541504
    },
    {
        "label": "apple",
        "point": [
            63.5,
            65.5
        ],
        "radius": 7.905794143676758
    },
    {
        "label": "apple",
        "point": [
            268.5,
            48.0
        ],
        "radius": 1.1181340217590332
    },
    {
        "label": "apple",
        "point": [
            237.0,
            45.0
        ],
        "radius": 2.2361679077148438
    },
    {
        "label": "apple",
        "point": [
            66.16666412353516,
            41.83333206176758
        ],
        "radius": 1.178609013557434
    },
    {
        "label": "apple",
        "point": [
            262.0,
            37.0
        ],
        "radius": 2.0000998973846436
    },
    {
        "label": "apple",
        "point": [
            198.0,
            41.0
        ],
        "radius": 4.000100135803223
    },
    {
        "label": "apple",
        "point": [
            223.0,
            36.0
        ],
        "radius": 1.414313554763794
    },
    {
        "label": "apple",
        "point": [
            104.5,
            37.5
        ],
        "radius": 4.743516445159912
    },
    {
        "label": "apple",
        "point": [
            30.5,
            31.0
        ],
        "radius": 1.1181340217590332
    },
    {
        "label": "apple",
        "point": [
            251.64285278320312,
            31.928571701049805
        ],
        "radius": 4.764984130859375
    },
    {
        "label": "apple",
        "point": [
            167.8333282470703,
            32.16666793823242
        ],
        "radius": 3.3748457431793213
    },
    {
        "label": "apple",
        "point": [
            32.0,
            27.0
        ],
        "radius": 1.000100016593933
    },
    {
        "label": "apple",
        "point": [
            142.5,
            29.5
        ],
        "radius": 12.103818893432617
    },
    {
        "label": "apple",
        "point": [
            117.0,
            21.0
        ],
        "radius": 5.000100135803223
    },
    {
        "label": "apple",
        "point": [
            98.0,
            19.0
        ],
        "radius": 2.2361679077148438
    },
    {
        "label": "apple",
        "point": [
            70.0,
            17.5
        ],
        "radius": 1.1181340217590332
    },
    {
        "label": "apple",
        "point": [
            222.5,
            16.0
        ],
        "radius": 2.061652660369873
    },
    {
        "label": "apple",
        "point": [
            207.5,
            14.5
        ],
        "radius": 2.549609661102295
    },
    {
        "label": "apple",
        "point": [
            191.59756469726562,
            5.353658676147461
        ],
        "radius": 5.868094444274902
    },
    {
        "label": "apple",
        "point": [
            155.0,
            0.5
        ],
        "radius": 1.1181340217590332
    }
]