[
    {
        "label": "apple",
        "point": [
            232.65383911132812,
            180.57691955566406
        ],
        "radius": 5.869747161865234
    },
    {
        "label": "apple",
        "point": [
            44.0,
            84.5
        ],
        "radius": 6.18475866317749
    },
    {
        "label": "apple",
        "point": [
            17.25,
            40.0
        ],
        "radius": 1.250100016593933
    },
    {
        "label": "apple",
        "point": [
            8.5,
            31.0
        ],
        "radius": 1.1181340217590332
    }
]