[
    {
        "label": "apple",
        "point": [
            74.0,
            175.5
        ],
        "radius": 2.061652660369873
    },
    {
        "label": "apple",
        "point": [
            66.0,
            172.5
        ],
        "radius": 1.1181340217590332
    },
    {
        "label": "apple",
        "point": [
            231.0,
            145.5
        ],
        "radius": 4.272101879119873
    },
    {
        "label": "apple",
        "point": [
            141.0,
            138.0
        ],
        "radius": 2.0000998973846436
    },
    {
        "label": "apple",
        "point": [
            265.5,
            127.0
        ],
        "radius": 2.6926822662353516
    },
    {
        "label": "apple",
        "point": [
            159.5,
            128.0
        ],
        "radius": 3.0414812564849854
    },
    {
        "label": "apple",
        "point": [
            244.0,
            121.0
        ],
        "radius": 2.2361679077148438
    },
    {
        "label": "apple",
        "point": [
            230.14285278320312,
            125.03571319580078
        ],
        "radius": 5.936093807220459
    },
    {
        "label": "apple",
        "point": [
            66.95454406738281,
            125.95454406738281
        ],
        "radius": 6.045727252960205
    },
    {
        "label": "apple",
        "point": [
            218.0,
            120.5
        ],
        "radius": 1.500100016593933
    },
    {
        "label": "apple",
        "point": [
            33.0,
            111.5
        ],
        "radius": 2.061652660369873
    },
    {
        "label": "apple",
        "point": [
            164.5,
            111.0
        ],
        "radius": 1.1181340217590332
    },
    {
        "label": "apple",
        "point": [
            15.766666412353516,
            108.23332977294922
        ],
        "radius": 5.326968669891357
    },
    {
        "label": "apple",
        "point": [
            221.36363220214844,
            107.90908813476562
        ],
        "radius": 5.4735541343688965
    },
    {
        "label": "apple",
        "point": [
            176.5,
            104.5
        ],
        "radius": 4.743516445159912
    },
    {
        "label": "apple",
        "point": [
            41.5,
            106.0
        ],
        "radius": 4.924529075622559
    },
    {
        "label": "apple",
        "point": [
            257.5,
            105.0
        ],
        "radius": 10.688879013061523
    },
    {
        "label": "apple",
        "point": [
            214.93478393554688,
            102.28260803222656
        ],
        "radius": 5.225183486938477
    },
    {
        "label": "apple",
        "point": [
            165.0,
            96.0
        ],
        "radius": 5.000100135803223
    },
    {
        "label": "apple",
        "point": [
            127.5,
            96.0
        ],
        "radius": 6.265082359313965
    },
    {
        "label": "apple",
        "point": [
            260.0,
            88.5
        ],
        "radius": 1.1181340217590332
    },
    {
        "label": "apple",
        "point": [
            248.5,
            89.5
        ],
        "radius": 1.581238865852356
    },
    {
        "label": "apple",
        "point": [
            232.5,
            88.0
        ],
        "radius": 4.609872341156006
    },
    {
        "label": "apple",
        "point": [
            92.81818389892578,
            83.86363983154297
        ],
        "radius": 5.0052642822265625
    },
    {
        "label": "apple",
        "point": [
            221.61111450195312,
            80.79629516601562
        ],
        "radius": 6.269375324249268
    },
    {
        "label": "apple",
        "point": [
            126.5,
            71.0
        ],
        "radius": 2.6926822662353516
    },
    {
        "label": "apple",
        "point": [
            28.5,
            71.0
        ],
        "radius": 11.884963989257812
    },
    {
        "label": "apple",
        "point": [
            53.318180084228516,
            65.31818389892578
        ],
        "radius": 4.047852993011475
    },
    {
        "label": "apple",
        "point": [
            229.5,
            61.5
        ],
        "radius": 1.581238865852356
    },
    {
        "label": "apple",
        "point": [
            77.0,
            62.33333206176758
        ],
        "radius": 4.772706031799316
    },
    {
        "label": "apple",
        "point": [
            6.5,
            55.0
        ],
        "radius": 1.1181340217590332
    },
    {
        "label": "apple",
        "point": [
            228.76315307617188,
            52.657894134521484
        ],
        "radius": 6.662210464477539
    },
    {
        "label": "apple",
        "point": [
            120.0,
            51.0
        ],
        "radius": 3.1623775959014893
    },
    {
        "label": "apple",
        "point": [
            172.5,
            48.83333206176758
        ],
        "radius": 3.20599627494812
    },
    {
        "label": "apple",
        "point": [
            43.0,
            46.66666793823242
        ],
        "radius": 3.8006839752197266
    },
    {
        "label": "apple",
        "point": [
            46.0,
            41.5
        ],
        "radius": 1.1181340217590332
    },
    {
        "label": "apple",
        "point": [
            95.91666412353516,
            42.91666793823242
        ],
        "radius": 4.360592842102051
    },
    {
        "label": "apple",
        "point": [
            213.3000030517578,
            39.70000076293945
        ],
        "radius": 1.838577151298523
    },
    {
        "label": "apple",
        "point": [
            8.0,
            37.0
        ],
        "radius": 2.2361679077148438
    },
    {
        "label": "apple",
        "point": [
            243.5,
            39.0
        ],
        "radius": 5.4084272384643555
    },
    {
        "label": "apple",
        "point": [
            73.0,
            42.5
        ],
        "radius": 16.620868682861328
    },
    {
        "label": "apple",
        "point": [
            163.25,
            35.0
        ],
        "radius": 1.250100016593933
    },
    {
        "label": "apple",
        "point": [
            235.0,
            31.5
        ],
        "radius": 3.3542017936706543
    },
    {
        "label": "apple",
        "point": [
            57.5,
            31.0
        ],
        "radius": 3.201662063598633
    },
    {
        "label": "apple",
        "point": [
            45.32352828979492,
            32.85293960571289
        ],
        "radius": 3.9119746685028076
    },
    {
        "label": "apple",
        "point": [
            133.0,
            30.5
        ],
        "radius": 3.3542017936706543
    },
    {
        "label": "apple",
        "point": [
            92.0,
            24.5
        ],
        "radius": 2.061652660369873
    },
    {
        "label": "apple",
        "point": [
            162.07142639160156,
            26.64285659790039
        ],
        "radius": 4.764981746673584
    },
    {
        "label": "apple",
        "point": [
            165.0,
            21.5
        ],
        "radius": 1.1181340217590332
    },
    {
        "label": "apple",
        "point": [
            247.0,
            24.0
        ],
        "radius": 4.472236156463623
    },
    {
        "label": "apple",
        "point": [
            221.8000030517578,
            18.799999237060547
        ],
        "radius": 3.8833963871002197
    },
    {
        "label": "apple",
        "point": [
            25.5,
            15.5
        ],
        "radius": 2.12142014503479
    },
    {
        "label": "apple",
        "point": [
            247.5,
            7.5
        ],
        "radius": 3.8079864978790283
    },
    {
        "label": "apple",
        "point": [
            96.03845977783203,
            5.269230842590332
        ],
        "radius": 3.0504677295684814
    },
    {
        "label": "apple",
        "point": [
            257.1363525390625,
            5.181818008422852
        ],
        "radius": 5.0052714347839355
    }
]