[
    {
        "label": "apple",
        "point": [
            268.0,
            181.0
        ],
        "radius": 3.0000998973846436
    },
    {
        "label": "apple",
        "point": [
            95.5,
            172.89999389648438
        ],
        "radius": 3.2650692462921143
    },
    {
        "label": "apple",
        "point": [
            155.0,
            171.5
        ],
        "radius": 2.6926822662353516
    },
    {
        "label": "apple",
        "point": [
            87.0,
            168.0
        ],
        "radius": 1.000100016593933
    },
    {
        "label": "apple",
        "point": [
            81.0,
            164.75
        ],
        "radius": 1.250100016593933
    },
    {
        "label": "apple",
        "point": [
            72.0,
            163.5
        ],
        "radius": 3.201662063598633
    },
    {
        "label": "apple",
        "point": [
            169.0,
            157.0
        ],
        "radius": 1.000100016593933
    },
    {
        "label": "apple",
        "point": [
            163.0,
            163.0
        ],
        "radius": 7.071167945861816
    },
    {
        "label": "apple",
        "point": [
            59.0,
            155.5
        ],
        "radius": 1.1181340217590332
    },
    {
        "label": "apple",
        "point": [
            67.0,
            154.5
        ],
        "radius": 6.265082359313965
    },
    {
        "label": "apple",
        "point": [
            241.75,
            148.75
        ],
        "radius": 1.7678669691085815
    },
    {
        "label": "apple",
        "point": [
            237.5,
            147.0
        ],
        "radius": 1.8028756380081177
    },
    {
        "label": "apple",
        "point": [
            133.98387145996094,
            113.04838562011719
        ],
        "radius": 5.048511505126953
    },
    {
        "label": "apple",
        "point": [
            174.5762176513672,
            130.0426788330078
        ],
        "radius": 27.080232620239258
    },
    {
        "label": "apple",
        "point": [
            131.8333282470703,
            103.83333587646484
        ],
        "radius": 1.1786094903945923
    },
    {
        "label": "apple",
        "point": [
            13.0,
            88.0
        ],
        "radius": 1.414313554763794
    },
    {
        "label": "apple",
        "point": [
            26.5,
            86.0
        ],
        "radius": 4.031229019165039
    },
    {
        "label": "apple",
        "point": [
            145.0,
            77.0
        ],
        "radius": 1.000100016593933
    },
    {
        "label": "apple",
        "point": [
            40.64285659790039,
            84.64286041259766
        ],
        "radius": 13.46850299835205
    },
    {
        "label": "apple",
        "point": [
            108.5,
            71.5
        ],
        "radius": 3.8079864978790283
    },
    {
        "label": "apple",
        "point": [
            55.5,
            80.0
        ],
        "radius": 14.534542083740234
    },
    {
        "label": "apple",
        "point": [
            217.2567596435547,
            94.48648834228516
        ],
        "radius": 33.26894760131836
    },
    {
        "label": "apple",
        "point": [
            64.5,
            64.5
        ],
        "radius": 1.581238865852356
    },
    {
        "label": "apple",
        "point": [
            63.0,
            60.0
        ],
        "radius": 1.414313554763794
    },
    {
        "label": "apple",
        "point": [
            129.00360107421875,
            78.39208984375
        ],
        "radius": 22.481008529663086
    }
]