[
    {
        "label": "apple",
        "point": [
            28.5,
            136.0
        ],
        "radius": 1.1181340217590332
    },
    {
        "label": "apple",
        "point": [
            31.5,
            138.0
        ],
        "radius": 4.272101879119873
    },
    {
        "label": "apple",
        "point": [
            13.0,
            120.5
        ],
        "radius": 6.500100135803223
    },
    {
        "label": "apple",
        "point": [
            26.5,
            113.5
        ],
        "radius": 3.8079864978790283
    },
    {
        "label": "apple",
        "point": [
            19.0,
            98.5
        ],
        "radius": 2.061652660369873
    },
    {
        "label": "apple",
        "point": [
            18.0,
            93.25
        ],
        "radius": 1.250100016593933
    },
    {
        "label": "apple",
        "point": [
            34.0,
            91.5
        ],
        "radius": 4.272101879119873
    },
    {
        "label": "apple",
        "point": [
            93.0,
            55.0
        ],
        "radius": 2.2361679077148438
    },
    {
        "label": "apple",
        "point": [
            124.0,
            49.64285659790039
        ],
        "radius": 5.527859687805176
    },
    {
        "label": "apple",
        "point": [
            147.31817626953125,
            23.68181800842285
        ],
        "radius": 4.047857284545898
    },
    {
        "label": "apple",
        "point": [
            156.0,
            16.0
        ],
        "radius": 1.000100016593933
    },
    {
        "label": "apple",
        "point": [
            160.0,
            18.0
        ],
        "radius": 5.099119663238525
    },
    {
        "label": "apple",
        "point": [
            72.16197204589844,
            17.598590850830078
        ],
        "radius": 5.403937339782715
    }
]