[
    {
        "label": "apple",
        "point": [
            84.5,
            125.5
        ],
        "radius": 1.581238865852356
    },
    {
        "label": "apple",
        "point": [
            48.0,
            121.5
        ],
        "radius": 1.1181340217590332
    },
    {
        "label": "apple",
        "point": [
            66.0,
            83.5
        ],
        "radius": 1.1181340217590332
    },
    {
        "label": "apple",
        "point": [
            52.0,
            83.5
        ],
        "radius": 7.017934322357178
    },
    {
        "label": "apple",
        "point": [
            19.5,
            40.5
        ],
        "radius": 2.549609661102295
    }
]