[
    {
        "label": "apple",
        "point": [
            44.5,
            174.5
        ],
        "radius": 1.581238865852356
    },
    {
        "label": "apple",
        "point": [
            47.5,
            170.0
        ],
        "radius": 1.500100016593933
    },
    {
        "label": "apple",
        "point": [
            37.5,
            164.0
        ],
        "radius": 1.1181340217590332
    },
    {
        "label": "apple",
        "point": [
            33.5,
            163.0
        ],
        "radius": 1.500100016593933
    },
    {
        "label": "apple",
        "point": [
            29.5,
            167.5
        ],
        "radius": 10.511998176574707
    },
    {
        "label": "apple",
        "point": [
            198.0,
            83.5
        ],
        "radius": 22.005781173706055
    },
    {
        "label": "apple",
        "point": [
            184.0,
            64.5
        ],
        "radius": 3.0414812564849854
    },
    {
        "label": "apple",
        "point": [
            197.0,
            65.5
        ],
        "radius": 6.020897388458252
    },
    {
        "label": "apple",
        "point": [
            130.0,
            68.0
        ],
        "radius": 14.866168975830078
    },
    {
        "label": "apple",
        "point": [
            197.5,
            56.0
        ],
        "radius": 1.500100016593933
    },
    {
        "label": "apple",
        "point": [
            100.0,
            76.0
        ],
        "radius": 38.01325607299805
    }
]