[
    {
        "label": "apple",
        "point": [
            212.0,
            182.5
        ],
        "radius": 2.5000998973846436
    },
    {
        "label": "apple",
        "point": [
            115.0,
            163.0
        ],
        "radius": 4.242740631103516
    },
    {
        "label": "apple",
        "point": [
            0.5,
            162.5
        ],
        "radius": 3.5356338024139404
    },
    {
        "label": "apple",
        "point": [
            123.0,
            157.0
        ],
        "radius": 1.414313554763794
    },
    {
        "label": "apple",
        "point": [
            104.09091186523438,
            156.0454559326172
        ],
        "radius": 3.091341018676758
    },
    {
        "label": "apple",
        "point": [
            117.0,
            152.5
        ],
        "radius": 3.3542017936706543
    },
    {
        "label": "apple",
        "point": [
            103.0,
            171.93243408203125
        ],
        "radius": 26.86319923400879
    },
    {
        "label": "apple",
        "point": [
            196.0,
            129.5
        ],
        "radius": 2.061652660369873
    },
    {
        "label": "apple",
        "point": [
            266.0,
            121.5
        ],
        "radius": 5.4084272384643555
    },
    {
        "label": "apple",
        "point": [
            2.0,
            115.5
        ],
        "radius": 1.1181340217590332
    },
    {
        "label": "apple",
        "point": [
            267.5,
            114.0
        ],
        "radius": 1.1181340217590332
    },
    {
        "label": "apple",
        "point": [
            19.23216438293457,
            134.93679809570312
        ],
        "radius": 25.058088302612305
    },
    {
        "label": "apple",
        "point": [
            257.0,
            107.5
        ],
        "radius": 3.0414812564849854
    },
    {
        "label": "apple",
        "point": [
            100.14286041259766,
            107.28571319580078
        ],
        "radius": 8.950071334838867
    },
    {
        "label": "apple",
        "point": [
            86.90625,
            119.0
        ],
        "radius": 26.338214874267578
    },
    {
        "label": "apple",
        "point": [
            143.0,
            97.0
        ],
        "radius": 2.2361679077148438
    },
    {
        "label": "apple",
        "point": [
            96.0,
            99.0
        ],
        "radius": 10.440406799316406
    },
    {
        "label": "apple",
        "point": [
            195.0,
            141.0
        ],
        "radius": 69.89287567138672
    },
    {
        "label": "apple",
        "point": [
            48.745941162109375,
            95.20997619628906
        ],
        "radius": 16.299131393432617
    },
    {
        "label": "apple",
        "point": [
            178.5,
            85.5
        ],
        "radius": 1.581238865852356
    },
    {
        "label": "apple",
        "point": [
            228.5,
            85.0
        ],
        "radius": 5.590270042419434
    },
    {
        "label": "apple",
        "point": [
            235.0,
            79.0
        ],
        "radius": 1.000100016593933
    },
    {
        "label": "apple",
        "point": [
            240.04237365722656,
            97.0
        ],
        "radius": 30.635766983032227
    },
    {
        "label": "apple",
        "point": [
            169.0,
            74.5
        ],
        "radius": 7.632268905639648
    },
    {
        "label": "apple",
        "point": [
            39.0,
            61.5
        ],
        "radius": 3.6401548385620117
    },
    {
        "label": "apple",
        "point": [
            63.5,
            66.5
        ],
        "radius": 22.638561248779297
    },
    {
        "label": "apple",
        "point": [
            268.5,
            54.0
        ],
        "radius": 6.020897388458252
    },
    {
        "label": "apple",
        "point": [
            87.30582427978516,
            51.46116638183594
        ],
        "radius": 10.320002555847168
    },
    {
        "label": "apple",
        "point": [
            126.20967864990234,
            68.39442443847656
        ],
        "radius": 29.538484573364258
    },
    {
        "label": "apple",
        "point": [
            54.5,
            41.0
        ],
        "radius": 16.101341247558594
    },
    {
        "label": "apple",
        "point": [
            178.0,
            23.5
        ],
        "radius": 2.061652660369873
    },
    {
        "label": "apple",
        "point": [
            182.0,
            14.5
        ],
        "radius": 1.1181340217590332
    },
    {
        "label": "apple",
        "point": [
            57.5,
            9.5
        ],
        "radius": 5.700977325439453
    },
    {
        "label": "apple",
        "point": [
            77.5,
            8.0
        ],
        "radius": 4.031229019165039
    },
    {
        "label": "apple",
        "point": [
            114.5,
            5.5
        ],
        "radius": 2.9155757427215576
    },
    {
        "label": "apple",
        "point": [
            101.81034851074219,
            10.810344696044922
        ],
        "radius": 10.553877830505371
    },
    {
        "label": "apple",
        "point": [
            88.0,
            1.0
        ],
        "radius": 1.000100016593933
    },
    {
        "label": "apple",
        "point": [
            247.5,
            21.0
        ],
        "radius": 29.34716033935547
    },
    {
        "label": "apple",
        "point": [
            201.0,
            14.0
        ],
        "radius": 22.803607940673828
    },
    {
        "label": "apple",
        "point": [
            80.0,
            0.5
        ],
        "radius": 1.1181340217590332
    }
]