[
    {
        "label": "apple",
        "point": [
            80.19999694824219,
            172.1999969482422
        ],
        "radius": 7.3540143966674805
    },
    {
        "label": "apple",
        "point": [
            93.0,
            162.5
        ],
        "radius": 10.688879013061523
    },
    {
        "label": "apple",
        "point": [
            78.5,
            154.5
        ],
        "radius": 2.549609661102295
    },
    {
        "label": "apple",
        "point": [
            90.0,
            149.0
        ],
        "radius": 1.000100016593933
    },
    {
        "label": "apple",
        "point": [
            163.375,
            110.5
        ],
        "radius": 8.610594749450684
    },
    {
        "label": "apple",
        "point": [
            169.5,
            97.5
        ],
        "radius": 1.581238865852356
    },
    {
        "label": "apple",
        "point": [
            57.0,
            88.0
        ],
        "radius": 1.000100016593933
    },
    {
        "label": "apple",
        "point": [
            204.50550842285156,
            113.40718841552734
        ],
        "radius": 35.9721565246582
    },
    {
        "label": "apple",
        "point": [
            147.1625518798828,
            101.18724060058594
        ],
        "radius": 23.91084861755371
    },
    {
        "label": "apple",
        "point": [
            65.92056274414062,
            84.48130798339844
        ],
        "radius": 7.5749359130859375
    },
    {
        "label": "apple",
        "point": [
            198.0,
            60.5
        ],
        "radius": 1.8028756380081177
    },
    {
        "label": "apple",
        "point": [
            196.875,
            56.0
        ],
        "radius": 2.1250998973846436
    }
]