[
    {
        "label": "apple",
        "point": [
            106.0,
            141.0
        ],
        "radius": 3.6056511402130127
    },
    {
        "label": "apple",
        "point": [
            165.625,
            120.25
        ],
        "radius": 3.6337103843688965
    },
    {
        "label": "apple",
        "point": [
            236.5,
            105.0
        ],
        "radius": 2.6926822662353516
    },
    {
        "label": "apple",
        "point": [
            99.0,
            93.0
        ],
        "radius": 1.414313554763794
    },
    {
        "label": "apple",
        "point": [
            29.0,
            91.5
        ],
        "radius": 2.5000998973846436
    },
    {
        "label": "apple",
        "point": [
            153.5,
            90.5
        ],
        "radius": 1.581238865852356
    },
    {
        "label": "apple",
        "point": [
            215.5,
            97.0
        ],
        "radius": 15.692455291748047
    },
    {
        "label": "apple",
        "point": [
            56.0,
            93.5
        ],
        "radius": 12.093486785888672
    },
    {
        "label": "apple",
        "point": [
            142.03030395507812,
            96.81818389892578
        ],
        "radius": 17.124526977539062
    },
    {
        "label": "apple",
        "point": [
            198.5,
            87.5
        ],
        "radius": 3.8079864978790283
    },
    {
        "label": "apple",
        "point": [
            131.0,
            84.5
        ],
        "radius": 1.1181340217590332
    },
    {
        "label": "apple",
        "point": [
            144.0,
            80.0
        ],
        "radius": 1.000100016593933
    },
    {
        "label": "apple",
        "point": [
            201.0,
            76.5
        ],
        "radius": 5.4084272384643555
    },
    {
        "label": "apple",
        "point": [
            212.5,
            70.5
        ],
        "radius": 1.581238865852356
    },
    {
        "label": "apple",
        "point": [
            198.25,
            58.5
        ],
        "radius": 2.304986000061035
    },
    {
        "label": "apple",
        "point": [
            149.5,
            1.5
        ],
        "radius": 1.581238865852356
    }
]