[
    {
        "label": "apple",
        "point": [
            137.0,
            129.5
        ],
        "radius": 2.5000998973846436
    },
    {
        "label": "apple",
        "point": [
            114.5,
            97.5
        ],
        "radius": 2.549609661102295
    },
    {
        "label": "apple",
        "point": [
            177.37855529785156,
            134.11993408203125
        ],
        "radius": 41.774967193603516
    },
    {
        "label": "apple",
        "point": [
            173.0,
            92.0
        ],
        "radius": 1.000100016593933
    },
    {
        "label": "apple",
        "point": [
            91.5,
            82.0
        ],
        "radius": 1.8028756380081177
    },
    {
        "label": "apple",
        "point": [
            104.5,
            65.0
        ],
        "radius": 1.1181340217590332
    },
    {
        "label": "apple",
        "point": [
            74.5,
            91.46428680419922
        ],
        "radius": 42.34352493286133
    },
    {
        "label": "apple",
        "point": [
            51.0,
            60.0
        ],
        "radius": 1.414313554763794
    }
]