[
    {
        "label": "apple",
        "point": [
            168.5,
            160.5
        ],
        "radius": 1.581238865852356
    },
    {
        "label": "apple",
        "point": [
            87.25652313232422,
            165.04782104492188
        ],
        "radius": 7.4003496170043945
    },
    {
        "label": "apple",
        "point": [
            146.0,
            157.5
        ],
        "radius": 5.02503776550293
    },
    {
        "label": "apple",
        "point": [
            252.0,
            130.0
        ],
        "radius": 2.2361679077148438
    },
    {
        "label": "apple",
        "point": [
            57.5,
            122.0
        ],
        "radius": 9.552586555480957
    },
    {
        "label": "apple",
        "point": [
            65.0,
            117.0
        ],
        "radius": 4.123205661773682
    },
    {
        "label": "apple",
        "point": [
            55.5,
            116.0
        ],
        "radius": 1.500100016593933
    },
    {
        "label": "apple",
        "point": [
            140.0,
            114.0
        ],
        "radius": 1.000100016593933
    },
    {
        "label": "apple",
        "point": [
            146.0,
            113.5
        ],
        "radius": 3.3542017936706543
    },
    {
        "label": "apple",
        "point": [
            158.5,
            64.0
        ],
        "radius": 9.500100135803223
    },
    {
        "label": "apple",
        "point": [
            183.0,
            49.5
        ],
        "radius": 6.020897388458252
    },
    {
        "label": "apple",
        "point": [
            184.0,
            39.5
        ],
        "radius": 1.1181340217590332
    },
    {
        "label": "apple",
        "point": [
            206.0,
            39.5
        ],
        "radius": 19.05921745300293
    }
]