[
    {
        "label": "apple",
        "point": [
            137.0,
            149.0
        ],
        "radius": 10.295730590820312
    },
    {
        "label": "apple",
        "point": [
            132.0,
            132.0
        ],
        "radius": 7.810349941253662
    },
    {
        "label": "apple",
        "point": [
            61.0,
            124.5
        ],
        "radius": 1.1181340217590332
    },
    {
        "label": "apple",
        "point": [
            151.0,
            94.5
        ],
        "radius": 1.1181340217590332
    },
    {
        "label": "apple",
        "point": [
            163.0,
            87.5
        ],
        "radius": 2.061652660369873
    },
    {
        "label": "apple",
        "point": [
            166.5,
            37.5
        ],
        "radius": 1.581238865852356
    },
    {
        "label": "apple",
        "point": [
            157.5,
            39.0
        ],
        "radius": 5.02503776550293
    }
]