[
    {
        "label": "apple",
        "point": [
            53.0,
            172.0
        ],
        "radius": 1.414313554763794
    },
    {
        "label": "apple",
        "point": [
            11.0,
            121.0
        ],
        "radius": 2.0000998973846436
    },
    {
        "label": "apple",
        "point": [
            44.57143020629883,
            120.71428680419922
        ],
        "radius": 6.738656520843506
    },
    {
        "label": "apple",
        "point": [
            24.760663986206055,
            118.70853424072266
        ],
        "radius": 16.65238380432129
    },
    {
        "label": "apple",
        "point": [
            99.5,
            97.0
        ],
        "radius": 1.500100016593933
    },
    {
        "label": "apple",
        "point": [
            44.0,
            89.5
        ],
        "radius": 2.061652660369873
    },
    {
        "label": "apple",
        "point": [
            44.5,
            96.0
        ],
        "radius": 10.30786418914795
    },
    {
        "label": "apple",
        "point": [
            28.547245025634766,
            91.56299591064453
        ],
        "radius": 12.824865341186523
    },
    {
        "label": "apple",
        "point": [
            129.0,
            76.5
        ],
        "radius": 3.3542017936706543
    },
    {
        "label": "apple",
        "point": [
            131.0,
            72.0
        ],
        "radius": 1.000100016593933
    },
    {
        "label": "apple",
        "point": [
            52.57143020629883,
            51.0
        ],
        "radius": 10.618719100952148
    },
    {
        "label": "apple",
        "point": [
            46.0,
            41.0
        ],
        "radius": 2.2361679077148438
    },
    {
        "label": "apple",
        "point": [
            116.79729461669922,
            45.797298431396484
        ],
        "radius": 13.318490028381348
    },
    {
        "label": "apple",
        "point": [
            135.5,
            37.0
        ],
        "radius": 4.031229019165039
    },
    {
        "label": "apple",
        "point": [
            140.5,
            30.5
        ],
        "radius": 1.581238865852356
    },
    {
        "label": "apple",
        "point": [
            127.83333587646484,
            33.0
        ],
        "radius": 14.515416145324707
    },
    {
        "label": "apple",
        "point": [
            73.9058837890625,
            19.455883026123047
        ],
        "radius": 13.054021835327148
    }
]