[
    {
        "label": "apple",
        "point": [
            263.0,
            182.0
        ],
        "radius": 3.1623775959014893
    },
    {
        "label": "apple",
        "point": [
            103.5,
            180.5
        ],
        "radius": 3.8079864978790283
    },
    {
        "label": "apple",
        "point": [
            226.0,
            156.5
        ],
        "radius": 4.031229019165039
    },
    {
        "label": "apple",
        "point": [
            98.65825653076172,
            154.30996704101562
        ],
        "radius": 25.496240615844727
    },
    {
        "label": "apple",
        "point": [
            43.5,
            128.0
        ],
        "radius": 1.1181340217590332
    },
    {
        "label": "apple",
        "point": [
            40.0,
            126.0
        ],
        "radius": 3.0000998973846436
    },
    {
        "label": "apple",
        "point": [
            53.0,
            108.0
        ],
        "radius": 2.2361679077148438
    },
    {
        "label": "apple",
        "point": [
            222.5,
            132.1666717529297
        ],
        "radius": 28.523963928222656
    },
    {
        "label": "apple",
        "point": [
            56.5,
            123.0
        ],
        "radius": 20.00634765625
    },
    {
        "label": "apple",
        "point": [
            146.21841430664062,
            113.46660614013672
        ],
        "radius": 30.902677536010742
    },
    {
        "label": "apple",
        "point": [
            115.5,
            96.0
        ],
        "radius": 10.594910621643066
    },
    {
        "label": "apple",
        "point": [
            92.0,
            73.5
        ],
        "radius": 1.1181340217590332
    },
    {
        "label": "apple",
        "point": [
            74.0,
            73.5
        ],
        "radius": 3.9052248001098633
    },
    {
        "label": "apple",
        "point": [
            85.0,
            64.5
        ],
        "radius": 2.061652660369873
    },
    {
        "label": "apple",
        "point": [
            79.5,
            54.0
        ],
        "radius": 22.005781173706055
    },
    {
        "label": "apple",
        "point": [
            238.0,
            29.0
        ],
        "radius": 3.1623775959014893
    },
    {
        "label": "apple",
        "point": [
            220.1830291748047,
            44.63393020629883
        ],
        "radius": 25.402889251708984
    },
    {
        "label": "apple",
        "point": [
            114.26946258544922,
            24.113773345947266
        ],
        "radius": 24.175888061523438
    }
]