[
    {
        "label": "apple",
        "point": [
            0.5,
            176.5
        ],
        "radius": 2.549609661102295
    },
    {
        "label": "apple",
        "point": [
            205.5,
            162.0
        ],
        "radius": 3.9052248001098633
    },
    {
        "label": "apple",
        "point": [
            112.16666412353516,
            155.5
        ],
        "radius": 3.2059993743896484
    },
    {
        "label": "apple",
        "point": [
            94.5,
            150.0
        ],
        "radius": 21.708393096923828
    },
    {
        "label": "apple",
        "point": [
            88.03225708007812,
            111.03225708007812
        ],
        "radius": 21.97740936279297
    },
    {
        "label": "apple",
        "point": [
            139.5,
            95.16666412353516
        ],
        "radius": 15.284442901611328
    },
    {
        "label": "apple",
        "point": [
            145.0,
            80.5
        ],
        "radius": 1.1181340217590332
    },
    {
        "label": "apple",
        "point": [
            47.0,
            72.0
        ],
        "radius": 22.36077880859375
    },
    {
        "label": "apple",
        "point": [
            164.77272033691406,
            55.227272033691406
        ],
        "radius": 3.9213335514068604
    },
    {
        "label": "apple",
        "point": [
            164.5,
            50.0
        ],
        "radius": 1.1181340217590332
    },
    {
        "label": "apple",
        "point": [
            173.0,
            44.0
        ],
        "radius": 2.2361679077148438
    },
    {
        "label": "apple",
        "point": [
            155.5,
            43.5
        ],
        "radius": 5.700977325439453
    },
    {
        "label": "apple",
        "point": [
            133.0,
            39.0
        ],
        "radius": 1.414313554763794
    },
    {
        "label": "apple",
        "point": [
            142.5,
            45.5
        ],
        "radius": 11.335884094238281
    },
    {
        "label": "apple",
        "point": [
            109.5,
            38.0
        ],
        "radius": 19.830631256103516
    }
]