[
    {
        "label": "apple",
        "point": [
            63.0,
            162.5
        ],
        "radius": 8.321758270263672
    },
    {
        "label": "apple",
        "point": [
            230.0,
            155.5
        ],
        "radius": 1.1181340217590332
    },
    {
        "label": "apple",
        "point": [
            170.5,
            156.31817626953125
        ],
        "radius": 5.876578330993652
    },
    {
        "label": "apple",
        "point": [
            144.0,
            143.5
        ],
        "radius": 2.6926822662353516
    },
    {
        "label": "apple",
        "point": [
            147.5,
            139.0
        ],
        "radius": 1.1181340217590332
    },
    {
        "label": "apple",
        "point": [
            242.1648406982422,
            138.08241271972656
        ],
        "radius": 20.431726455688477
    },
    {
        "label": "apple",
        "point": [
            234.0,
            107.0
        ],
        "radius": 2.2361679077148438
    },
    {
        "label": "apple",
        "point": [
            225.0,
            102.0
        ],
        "radius": 2.2361679077148438
    },
    {
        "label": "apple",
        "point": [
            107.07142639160156,
            104.07142639160156
        ],
        "radius": 3.072361707687378
    },
    {
        "label": "apple",
        "point": [
            266.5,
            108.5
        ],
        "radius": 15.572511672973633
    },
    {
        "label": "apple",
        "point": [
            106.0,
            93.5
        ],
        "radius": 1.1181340217590332
    },
    {
        "label": "apple",
        "point": [
            94.5,
            106.0
        ],
        "radius": 14.009025573730469
    },
    {
        "label": "apple",
        "point": [
            48.67548751831055,
            94.52507019042969
        ],
        "radius": 25.90966796875
    },
    {
        "label": "apple",
        "point": [
            20.0,
            77.0
        ],
        "radius": 1.000100016593933
    },
    {
        "label": "apple",
        "point": [
            10.352941513061523,
            81.35294342041016
        ],
        "radius": 12.540000915527344
    },
    {
        "label": "apple",
        "point": [
            79.0,
            62.0
        ],
        "radius": 8.062357902526855
    },
    {
        "label": "apple",
        "point": [
            238.0,
            25.0
        ],
        "radius": 1.000100016593933
    },
    {
        "label": "apple",
        "point": [
            133.95269775390625,
            87.0608139038086
        ],
        "radius": 98.3991470336914
    }
]