[
    {
        "label": "apple",
        "point": [
            85.0,
            179.5
        ],
        "radius": 3.0414812564849854
    },
    {
        "label": "apple",
        "point": [
            113.5,
            142.0
        ],
        "radius": 1.1181340217590332
    },
    {
        "label": "apple",
        "point": [
            168.5,
            116.5
        ],
        "radius": 2.549609661102295
    },
    {
        "label": "apple",
        "point": [
            122.0,
            120.0625
        ],
        "radius": 4.062600135803223
    },
    {
        "label": "apple",
        "point": [
            167.0,
            111.0
        ],
        "radius": 1.000100016593933
    },
    {
        "label": "apple",
        "point": [
            125.30000305175781,
            93.69999694824219
        ],
        "radius": 1.838573694229126
    },
    {
        "label": "apple",
        "point": [
            185.7857208251953,
            54.35714340209961
        ],
        "radius": 1.8211745023727417
    },
    {
        "label": "apple",
        "point": [
            176.5,
            53.5
        ],
        "radius": 2.549609661102295
    },
    {
        "label": "apple",
        "point": [
            100.5,
            48.0
        ],
        "radius": 1.8028756380081177
    }
]