[
    {
        "label": "apple",
        "point": [
            51.5,
            133.5
        ],
        "radius": 17.10272979736328
    },
    {
        "label": "apple",
        "point": [
            92.0,
            111.5
        ],
        "radius": 25.045059204101562
    },
    {
        "label": "apple",
        "point": [
            118.05000305175781,
            107.42500305175781
        ],
        "radius": 3.9917283058166504
    },
    {
        "label": "apple",
        "point": [
            166.5,
            75.0
        ],
        "radius": 27.572731018066406
    },
    {
        "label": "apple",
        "point": [
            213.5,
            58.5
        ],
        "radius": 29.841346740722656
    },
    {
        "label": "apple",
        "point": [
            100.49082946777344,
            55.5
        ],
        "radius": 54.51156234741211
    }
]