[
    {
        "label": "apple",
        "point": [
            74.0,
            175.5
        ],
        "radius": 2.061652660369873
    },
    {
        "label": "apple",
        "point": [
            239.0,
            146.5
        ],
        "radius": 5.2202534675598145
    },
    {
        "label": "apple",
        "point": [
            145.0,
            137.5
        ],
        "radius": 3.0414812564849854
    },
    {
        "label": "apple",
        "point": [
            164.0,
            128.5
        ],
        "radius": 2.5000998973846436
    },
    {
        "label": "apple",
        "point": [
            246.0,
            123.0
        ],
        "radius": 1.414313554763794
    },
    {
        "label": "apple",
        "point": [
            235.34507751464844,
            126.14788818359375
        ],
        "radius": 5.656956195831299
    },
    {
        "label": "apple",
        "point": [
            68.0,
            127.0
        ],
        "radius": 6.082862854003906
    },
    {
        "label": "apple",
        "point": [
            224.0,
            120.5
        ],
        "radius": 1.500100016593933
    },
    {
        "label": "apple",
        "point": [
            32.5,
            111.0
        ],
        "radius": 1.8028756380081177
    },
    {
        "label": "apple",
        "point": [
            159.0,
            110.5
        ],
        "radius": 2.061652660369873
    },
    {
        "label": "apple",
        "point": [
            227.15383911132812,
            108.88461303710938
        ],
        "radius": 6.21720552444458
    },
    {
        "label": "apple",
        "point": [
            183.5,
            106.0
        ],
        "radius": 2.5000998973846436
    },
    {
        "label": "apple",
        "point": [
            14.25,
            108.25
        ],
        "radius": 5.062214374542236
    },
    {
        "label": "apple",
        "point": [
            178.0,
            104.0
        ],
        "radius": 2.2361679077148438
    },
    {
        "label": "apple",
        "point": [
            261.5,
            107.0
        ],
        "radius": 7.762187480926514
    },
    {
        "label": "apple",
        "point": [
            40.5,
            105.5
        ],
        "radius": 5.147915363311768
    },
    {
        "label": "apple",
        "point": [
            221.0,
            101.5
        ],
        "radius": 5.315173149108887
    },
    {
        "label": "apple",
        "point": [
            169.0,
            95.5
        ],
        "radius": 5.590270042419434
    },
    {
        "label": "apple",
        "point": [
            130.5,
            96.0
        ],
        "radius": 6.265082359313965
    },
    {
        "label": "apple",
        "point": [
            256.5,
            90.5
        ],
        "radius": 2.549609661102295
    },
    {
        "label": "apple",
        "point": [
            239.5,
            87.5
        ],
        "radius": 5.522780418395996
    },
    {
        "label": "apple",
        "point": [
            93.5,
            84.0
        ],
        "radius": 5.4084272384643555
    },
    {
        "label": "apple",
        "point": [
            228.0,
            81.0
        ],
        "radius": 6.403224468231201
    },
    {
        "label": "apple",
        "point": [
            164.5,
            72.5
        ],
        "radius": 1.581238865852356
    },
    {
        "label": "apple",
        "point": [
            129.7105255126953,
            71.5526351928711
        ],
        "radius": 2.7663915157318115
    },
    {
        "label": "apple",
        "point": [
            33.5,
            72.5
        ],
        "radius": 4.743516445159912
    },
    {
        "label": "apple",
        "point": [
            19.5,
            70.0
        ],
        "radius": 4.609872341156006
    },
    {
        "label": "apple",
        "point": [
            52.5,
            66.5
        ],
        "radius": 3.8079864978790283
    },
    {
        "label": "apple",
        "point": [
            234.6999969482422,
            61.70000076293945
        ],
        "radius": 1.8385791778564453
    },
    {
        "label": "apple",
        "point": [
            77.5,
            62.0
        ],
        "radius": 5.2202534675598145
    },
    {
        "label": "apple",
        "point": [
            9.5,
            53.5
        ],
        "radius": 1.581238865852356
    },
    {
        "label": "apple",
        "point": [
            121.5,
            51.5
        ],
        "radius": 2.9155757427215576
    },
    {
        "label": "apple",
        "point": [
            234.4166717529297,
            51.5
        ],
        "radius": 7.0421319007873535
    },
    {
        "label": "apple",
        "point": [
            177.0,
            48.5
        ],
        "radius": 2.6926822662353516
    },
    {
        "label": "apple",
        "point": [
            42.5,
            44.5
        ],
        "radius": 5.700977325439453
    },
    {
        "label": "apple",
        "point": [
            96.5,
            44.0
        ],
        "radius": 4.031229019165039
    },
    {
        "label": "apple",
        "point": [
            218.9545440673828,
            39.1363639831543
        ],
        "radius": 2.1369473934173584
    },
    {
        "label": "apple",
        "point": [
            249.73684692382812,
            39.342105865478516
        ],
        "radius": 5.4316792488098145
    },
    {
        "label": "apple",
        "point": [
            73.0,
            44.0
        ],
        "radius": 17.262775421142578
    },
    {
        "label": "apple",
        "point": [
            7.25,
            35.75
        ],
        "radius": 1.7678669691085815
    },
    {
        "label": "apple",
        "point": [
            240.9166717529297,
            31.0
        ],
        "radius": 3.083428144454956
    },
    {
        "label": "apple",
        "point": [
            58.0,
            32.0
        ],
        "radius": 2.2361679077148438
    },
    {
        "label": "apple",
        "point": [
            45.5,
            33.0
        ],
        "radius": 4.609872341156006
    },
    {
        "label": "apple",
        "point": [
            135.5,
            30.0
        ],
        "radius": 4.031229019165039
    },
    {
        "label": "apple",
        "point": [
            92.5,
            24.0
        ],
        "radius": 2.5000998973846436
    },
    {
        "label": "apple",
        "point": [
            166.5,
            26.5
        ],
        "radius": 6.041623115539551
    },
    {
        "label": "apple",
        "point": [
            254.0833282470703,
            23.91666603088379
        ],
        "radius": 4.360593795776367
    },
    {
        "label": "apple",
        "point": [
            228.14102172851562,
            18.756410598754883
        ],
        "radius": 4.32382869720459
    },
    {
        "label": "apple",
        "point": [
            23.5,
            16.0
        ],
        "radius": 2.6926822662353516
    },
    {
        "label": "apple",
        "point": [
            96.5,
            4.5
        ],
        "radius": 2.549609661102295
    },
    {
        "label": "apple",
        "point": [
            260.5,
            6.0
        ],
        "radius": 8.732224464416504
    }
]