[
    {
        "label": "apple",
        "point": [
            161.0,
            175.0
        ],
        "radius": 8.062357902526855
    },
    {
        "label": "apple",
        "point": [
            14.5,
            108.5
        ],
        "radius": 9.513249397277832
    },
    {
        "label": "apple",
        "point": [
            202.97802734375,
            117.010986328125
        ],
        "radius": 34.20054626464844
    },
    {
        "label": "apple",
        "point": [
            107.0,
            102.0
        ],
        "radius": 33.0152473449707
    },
    {
        "label": "apple",
        "point": [
            64.0,
            67.0
        ],
        "radius": 2.2361679077148438
    },
    {
        "label": "apple",
        "point": [
            68.07003021240234,
            37.61946487426758
        ],
        "radius": 30.642423629760742
    }
]