[
    {
        "label": "apple",
        "point": [
            41.0,
            126.0
        ],
        "radius": 4.123205661773682
    },
    {
        "label": "apple",
        "point": [
            223.0,
            119.5
        ],
        "radius": 2.061652660369873
    },
    {
        "label": "apple",
        "point": [
            171.0,
            121.0
        ],
        "radius": 6.324655532836914
    },
    {
        "label": "apple",
        "point": [
            65.5,
            114.0
        ],
        "radius": 5.590270042419434
    },
    {
        "label": "apple",
        "point": [
            131.0,
            113.0
        ],
        "radius": 5.099119663238525
    },
    {
        "label": "apple",
        "point": [
            81.0,
            110.5
        ],
        "radius": 8.01570987701416
    },
    {
        "label": "apple",
        "point": [
            85.0,
            95.0
        ],
        "radius": 3.1623775959014893
    },
    {
        "label": "apple",
        "point": [
            121.5,
            91.5
        ],
        "radius": 3.8079864978790283
    },
    {
        "label": "apple",
        "point": [
            117.0,
            74.5
        ],
        "radius": 8.381627082824707
    },
    {
        "label": "apple",
        "point": [
            148.5,
            60.5
        ],
        "radius": 3.5356338024139404
    },
    {
        "label": "apple",
        "point": [
            131.0,
            50.0
        ],
        "radius": 1.000100016593933
    }
]