[
    {
        "label": "apple",
        "point": [
            144.5,
            129.5
        ],
        "radius": 33.682437896728516
    },
    {
        "label": "apple",
        "point": [
            84.5,
            121.5
        ],
        "radius": 39.22381591796875
    },
    {
        "label": "apple",
        "point": [
            190.5,
            87.0
        ],
        "radius": 1.500100016593933
    },
    {
        "label": "apple",
        "point": [
            169.0,
            74.0
        ],
        "radius": 35.51066207885742
    },
    {
        "label": "apple",
        "point": [
            149.0,
            63.5
        ],
        "radius": 6.18475866317749
    },
    {
        "label": "apple",
        "point": [
            178.5,
            62.0
        ],
        "radius": 11.500100135803223
    }
]