[
    {
        "label": "apple",
        "point": [
            126.0,
            134.0
        ],
        "radius": 2.0000998973846436
    },
    {
        "label": "apple",
        "point": [
            64.5,
            133.0
        ],
        "radius": 2.5000998973846436
    },
    {
        "label": "apple",
        "point": [
            172.5,
            118.5
        ],
        "radius": 4.527792930603027
    },
    {
        "label": "apple",
        "point": [
            193.0,
            116.0
        ],
        "radius": 1.000100016593933
    },
    {
        "label": "apple",
        "point": [
            166.75999450683594,
            106.69000244140625
        ],
        "radius": 6.795229434967041
    },
    {
        "label": "apple",
        "point": [
            151.5,
            96.0
        ],
        "radius": 1.1181340217590332
    },
    {
        "label": "apple",
        "point": [
            91.5,
            119.0
        ],
        "radius": 39.00330352783203
    },
    {
        "label": "apple",
        "point": [
            132.586669921875,
            84.76327514648438
        ],
        "radius": 27.76956558227539
    },
    {
        "label": "apple",
        "point": [
            136.5,
            51.0
        ],
        "radius": 7.159010887145996
    },
    {
        "label": "apple",
        "point": [
            178.9080352783203,
            66.64164733886719
        ],
        "radius": 25.657819747924805
    },
    {
        "label": "apple",
        "point": [
            184.0,
            38.5
        ],
        "radius": 2.061652660369873
    },
    {
        "label": "apple",
        "point": [
            174.5,
            39.0
        ],
        "radius": 7.159010887145996
    },
    {
        "label": "apple",
        "point": [
            161.5,
            24.5
        ],
        "radius": 1.581238865852356
    }
]