[
    {
        "label": "apple",
        "point": [
            134.0,
            128.0
        ],
        "radius": 3.0000998973846436
    },
    {
        "label": "apple",
        "point": [
            111.0,
            97.5
        ],
        "radius": 3.5000998973846436
    },
    {
        "label": "apple",
        "point": [
            176.24598693847656,
            133.01658630371094
        ],
        "radius": 42.408851623535156
    },
    {
        "label": "apple",
        "point": [
            70.2127685546875,
            91.04255676269531
        ],
        "radius": 43.25127410888672
    }
]