[
    {
        "label": "apple",
        "point": [
            104.0,
            148.0
        ],
        "radius": 1.414313554763794
    },
    {
        "label": "apple",
        "point": [
            113.5,
            145.5
        ],
        "radius": 1.581238865852356
    },
    {
        "label": "apple",
        "point": [
            163.0,
            136.5
        ],
        "radius": 3.6401548385620117
    },
    {
        "label": "apple",
        "point": [
            90.5,
            131.5
        ],
        "radius": 3.5356338024139404
    },
    {
        "label": "apple",
        "point": [
            165.0,
            123.0
        ],
        "radius": 7.071167945861816
    },
    {
        "label": "apple",
        "point": [
            139.0,
            111.5
        ],
        "radius": 1.1181340217590332
    },
    {
        "label": "apple",
        "point": [
            163.0,
            109.0
        ],
        "radius": 3.1623775959014893
    },
    {
        "label": "apple",
        "point": [
            126.16666412353516,
            104.16666412353516
        ],
        "radius": 1.1786149740219116
    },
    {
        "label": "apple",
        "point": [
            73.0,
            88.0
        ],
        "radius": 1.414313554763794
    },
    {
        "label": "apple",
        "point": [
            65.0,
            93.5
        ],
        "radius": 10.920265197753906
    },
    {
        "label": "apple",
        "point": [
            123.0,
            120.0
        ],
        "radius": 46.09782028198242
    },
    {
        "label": "apple",
        "point": [
            138.0,
            77.0
        ],
        "radius": 1.000100016593933
    },
    {
        "label": "apple",
        "point": [
            150.54469299316406,
            94.1513442993164
        ],
        "radius": 19.66284942626953
    },
    {
        "label": "apple",
        "point": [
            143.38888549804688,
            77.27777862548828
        ],
        "radius": 3.621882438659668
    },
    {
        "label": "apple",
        "point": [
            129.5,
            75.0
        ],
        "radius": 1.1181340217590332
    }
]