[
    {
        "label": "apple",
        "point": [
            173.10000610351562,
            159.89999389648438
        ],
        "radius": 2.102471351623535
    },
    {
        "label": "apple",
        "point": [
            82.83333587646484,
            164.25
        ],
        "radius": 7.511663913726807
    },
    {
        "label": "apple",
        "point": [
            146.5,
            157.0
        ],
        "radius": 2.5000998973846436
    },
    {
        "label": "apple",
        "point": [
            140.5,
            151.5
        ],
        "radius": 1.581238865852356
    },
    {
        "label": "apple",
        "point": [
            259.5,
            133.0
        ],
        "radius": 1.500100016593933
    },
    {
        "label": "apple",
        "point": [
            58.5,
            124.0
        ],
        "radius": 6.800835609436035
    },
    {
        "label": "apple",
        "point": [
            143.5,
            113.5
        ],
        "radius": 5.700977325439453
    },
    {
        "label": "apple",
        "point": [
            56.0,
            117.5
        ],
        "radius": 10.30786418914795
    },
    {
        "label": "apple",
        "point": [
            148.0,
            67.5
        ],
        "radius": 1.8028756380081177
    },
    {
        "label": "apple",
        "point": [
            160.5,
            65.5
        ],
        "radius": 9.823541641235352
    },
    {
        "label": "apple",
        "point": [
            185.87313842773438,
            49.723880767822266
        ],
        "radius": 6.133180618286133
    },
    {
        "label": "apple",
        "point": [
            227.5,
            41.0
        ],
        "radius": 1.8028756380081177
    },
    {
        "label": "apple",
        "point": [
            185.5,
            40.0
        ],
        "radius": 1.500100016593933
    },
    {
        "label": "apple",
        "point": [
            208.0,
            36.0
        ],
        "radius": 14.14223575592041
    }
]