[
    {
        "label": "apple",
        "point": [
            268.0,
            182.0
        ],
        "radius": 1.000100016593933
    },
    {
        "label": "apple",
        "point": [
            261.5,
            182.0
        ],
        "radius": 1.8028756380081177
    },
    {
        "label": "apple",
        "point": [
            265.5,
            181.5
        ],
        "radius": 1.581238865852356
    },
    {
        "label": "apple",
        "point": [
            93.875,
            180.5
        ],
        "radius": 4.155292510986328
    },
    {
        "label": "apple",
        "point": [
            110.0,
            169.5
        ],
        "radius": 1.1181340217590332
    },
    {
        "label": "apple",
        "point": [
            224.0,
            156.0
        ],
        "radius": 5.000100135803223
    },
    {
        "label": "apple",
        "point": [
            112.0,
            152.0
        ],
        "radius": 4.123205661773682
    },
    {
        "label": "apple",
        "point": [
            88.4776611328125,
            154.53892517089844
        ],
        "radius": 26.28425407409668
    },
    {
        "label": "apple",
        "point": [
            63.5,
            132.5
        ],
        "radius": 1.581238865852356
    },
    {
        "label": "apple",
        "point": [
            26.5,
            124.5
        ],
        "radius": 2.549609661102295
    },
    {
        "label": "apple",
        "point": [
            219.6865692138672,
            132.2537384033203
        ],
        "radius": 29.00032615661621
    },
    {
        "label": "apple",
        "point": [
            44.312774658203125,
            123.51982116699219
        ],
        "radius": 20.52230453491211
    },
    {
        "label": "apple",
        "point": [
            139.06382751464844,
            114.03191375732422
        ],
        "radius": 33.30885696411133
    },
    {
        "label": "apple",
        "point": [
            106.5,
            96.0
        ],
        "radius": 10.965956687927246
    },
    {
        "label": "apple",
        "point": [
            77.0,
            75.5
        ],
        "radius": 1.8028756380081177
    },
    {
        "label": "apple",
        "point": [
            67.39856719970703,
            54.31597900390625
        ],
        "radius": 22.324176788330078
    },
    {
        "label": "apple",
        "point": [
            236.5,
            29.0
        ],
        "radius": 3.6401548385620117
    },
    {
        "label": "apple",
        "point": [
            217.0,
            44.5
        ],
        "radius": 26.004905700683594
    },
    {
        "label": "apple",
        "point": [
            107.19107055664062,
            24.04962730407715
        ],
        "radius": 24.05048370361328
    }
]