[
    {
        "label": "apple",
        "point": [
            128.5,
            117.0
        ],
        "radius": 4.031229019165039
    },
    {
        "label": "apple",
        "point": [
            192.125,
            98.0
        ],
        "radius": 6.206195831298828
    },
    {
        "label": "apple",
        "point": [
            183.5,
            94.0
        ],
        "radius": 1.1181340217590332
    },
    {
        "label": "apple",
        "point": [
            115.0,
            92.0
        ],
        "radius": 4.123205661773682
    },
    {
        "label": "apple",
        "point": [
            107.0,
            88.5
        ],
        "radius": 1.8028756380081177
    },
    {
        "label": "apple",
        "point": [
            123.0,
            86.0
        ],
        "radius": 1.000100016593933
    }
]