[
    {
        "label": "apple",
        "point": [
            57.0,
            172.25
        ],
        "radius": 1.250100016593933
    },
    {
        "label": "apple",
        "point": [
            46.5,
            121.5
        ],
        "radius": 7.382511615753174
    },
    {
        "label": "apple",
        "point": [
            25.725807189941406,
            118.98387145996094
        ],
        "radius": 17.2500057220459
    },
    {
        "label": "apple",
        "point": [
            106.0,
            96.5
        ],
        "radius": 2.061652660369873
    },
    {
        "label": "apple",
        "point": [
            46.0,
            90.5
        ],
        "radius": 1.1181340217590332
    },
    {
        "label": "apple",
        "point": [
            47.06666564941406,
            95.93333435058594
        ],
        "radius": 10.724321365356445
    },
    {
        "label": "apple",
        "point": [
            30.097015380859375,
            92.21641540527344
        ],
        "radius": 13.237186431884766
    },
    {
        "label": "apple",
        "point": [
            137.5,
            75.16666412353516
        ],
        "radius": 4.859227657318115
    },
    {
        "label": "apple",
        "point": [
            56.0,
            51.0
        ],
        "radius": 11.180439949035645
    },
    {
        "label": "apple",
        "point": [
            49.0,
            41.0
        ],
        "radius": 2.2361679077148438
    },
    {
        "label": "apple",
        "point": [
            123.89473724365234,
            46.894737243652344
        ],
        "radius": 13.748632431030273
    },
    {
        "label": "apple",
        "point": [
            145.0,
            37.5
        ],
        "radius": 4.031229019165039
    },
    {
        "label": "apple",
        "point": [
            149.5,
            30.5
        ],
        "radius": 1.581238865852356
    },
    {
        "label": "apple",
        "point": [
            124.0,
            22.0
        ],
        "radius": 1.414313554763794
    },
    {
        "label": "apple",
        "point": [
            135.6728973388672,
            32.67523193359375
        ],
        "radius": 14.340660095214844
    },
    {
        "label": "apple",
        "point": [
            79.0,
            19.0
        ],
        "radius": 13.601571083068848
    }
]