[
    {
        "label": "apple",
        "point": [
            186.5,
            131.5
        ],
        "radius": 1.581238865852356
    },
    {
        "label": "apple",
        "point": [
            65.0,
            134.0
        ],
        "radius": 4.472236156463623
    },
    {
        "label": "apple",
        "point": [
            84.5,
            128.5
        ],
        "radius": 6.96429443359375
    },
    {
        "label": "apple",
        "point": [
            60.0,
            104.0
        ],
        "radius": 15.297158241271973
    },
    {
        "label": "apple",
        "point": [
            131.0,
            86.0
        ],
        "radius": 13.153046607971191
    }
]