[
    {
        "label": "apple",
        "point": [
            85.83333587646484,
            178.8333282470703
        ],
        "radius": 2.8383257389068604
    },
    {
        "label": "apple",
        "point": [
            37.5,
            172.5
        ],
        "radius": 2.549609661102295
    },
    {
        "label": "apple",
        "point": [
            116.0,
            144.5
        ],
        "radius": 1.1181340217590332
    },
    {
        "label": "apple",
        "point": [
            24.0,
            129.5
        ],
        "radius": 1.1181340217590332
    },
    {
        "label": "apple",
        "point": [
            121.0,
            122.0
        ],
        "radius": 3.6056511402130127
    },
    {
        "label": "apple",
        "point": [
            166.0,
            116.5
        ],
        "radius": 2.6926822662353516
    },
    {
        "label": "apple",
        "point": [
            126.0,
            93.5
        ],
        "radius": 1.8028756380081177
    },
    {
        "label": "apple",
        "point": [
            176.0,
            54.0
        ],
        "radius": 1.000100016593933
    },
    {
        "label": "apple",
        "point": [
            184.3333282470703,
            54.66666793823242
        ],
        "radius": 2.3571269512176514
    }
]