[
    {
        "label": "apple",
        "point": [
            197.0,
            174.5
        ],
        "radius": 9.12424373626709
    },
    {
        "label": "apple",
        "point": [
            11.0,
            110.5
        ],
        "radius": 10.688879013061523
    },
    {
        "label": "apple",
        "point": [
            246.5,
            119.0
        ],
        "radius": 36.90877151489258
    },
    {
        "label": "apple",
        "point": [
            130.23358154296875,
            102.18314361572266
        ],
        "radius": 34.20549011230469
    },
    {
        "label": "apple",
        "point": [
            76.0,
            67.5
        ],
        "radius": 2.061652660369873
    },
    {
        "label": "apple",
        "point": [
            80.1781005859375,
            33.411537170410156
        ],
        "radius": 36.5806884765625
    }
]