[
    {
        "label": "apple",
        "point": [
            98.69999694824219,
            149.6999969482422
        ],
        "radius": 1.838581919670105
    },
    {
        "label": "apple",
        "point": [
            55.0,
            135.5
        ],
        "radius": 2.061652660369873
    },
    {
        "label": "apple",
        "point": [
            192.64285278320312,
            119.21428680419922
        ],
        "radius": 1.8211781978607178
    },
    {
        "label": "apple",
        "point": [
            211.5,
            117.0
        ],
        "radius": 1.1181340217590332
    },
    {
        "label": "apple",
        "point": [
            184.5,
            116.5
        ],
        "radius": 3.8079864978790283
    },
    {
        "label": "apple",
        "point": [
            181.0,
            106.5
        ],
        "radius": 7.826338291168213
    },
    {
        "label": "apple",
        "point": [
            161.0,
            96.5
        ],
        "radius": 1.1181340217590332
    },
    {
        "label": "apple",
        "point": [
            86.5,
            118.5
        ],
        "radius": 47.10105514526367
    },
    {
        "label": "apple",
        "point": [
            215.0,
            89.0
        ],
        "radius": 1.414313554763794
    },
    {
        "label": "apple",
        "point": [
            136.27821350097656,
            84.8292236328125
        ],
        "radius": 28.53639793395996
    },
    {
        "label": "apple",
        "point": [
            141.5,
            51.5
        ],
        "radius": 4.743516445159912
    },
    {
        "label": "apple",
        "point": [
            190.0,
            42.0
        ],
        "radius": 2.0000998973846436
    },
    {
        "label": "apple",
        "point": [
            183.0,
            40.91666793823242
        ],
        "radius": 3.083434581756592
    },
    {
        "label": "apple",
        "point": [
            199.63955688476562,
            63.987060546875
        ],
        "radius": 29.214754104614258
    },
    {
        "label": "apple",
        "point": [
            174.5,
            25.5
        ],
        "radius": 1.581238865852356
    }
]