[
    {
        "label": "apple",
        "point": [
            132.71656799316406,
            168.21974182128906
        ],
        "radius": 15.81112003326416
    },
    {
        "label": "apple",
        "point": [
            70.0,
            140.0
        ],
        "radius": 1.000100016593933
    },
    {
        "label": "apple",
        "point": [
            210.5,
            106.0
        ],
        "radius": 2.5000998973846436
    },
    {
        "label": "apple",
        "point": [
            174.0,
            120.5
        ],
        "radius": 19.500099182128906
    },
    {
        "label": "apple",
        "point": [
            204.0,
            100.5
        ],
        "radius": 2.5000998973846436
    },
    {
        "label": "apple",
        "point": [
            242.9387969970703,
            116.77944946289062
        ],
        "radius": 30.696887969970703
    },
    {
        "label": "apple",
        "point": [
            71.0,
            115.0
        ],
        "radius": 59.908363342285156
    },
    {
        "label": "apple",
        "point": [
            87.2272720336914,
            81.7727279663086
        ],
        "radius": 3.9213292598724365
    },
    {
        "label": "apple",
        "point": [
            93.5,
            84.5
        ],
        "radius": 11.335884094238281
    },
    {
        "label": "apple",
        "point": [
            185.5,
            71.0
        ],
        "radius": 4.272101879119873
    },
    {
        "label": "apple",
        "point": [
            180.5,
            61.5
        ],
        "radius": 2.9155757427215576
    },
    {
        "label": "apple",
        "point": [
            268.5,
            59.5
        ],
        "radius": 6.5193023681640625
    },
    {
        "label": "apple",
        "point": [
            183.5,
            55.0
        ],
        "radius": 4.717090606689453
    },
    {
        "label": "apple",
        "point": [
            225.63259887695312,
            67.54419708251953
        ],
        "radius": 28.644039154052734
    },
    {
        "label": "apple",
        "point": [
            163.0,
            41.0
        ],
        "radius": 1.000100016593933
    },
    {
        "label": "apple",
        "point": [
            141.0,
            65.0
        ],
        "radius": 35.73523712158203
    },
    {
        "label": "apple",
        "point": [
            68.5,
            56.0
        ],
        "radius": 27.335973739624023
    },
    {
        "label": "apple",
        "point": [
            215.0,
            26.0
        ],
        "radius": 19.105072021484375
    },
    {
        "label": "apple",
        "point": [
            227.5,
            8.0
        ],
        "radius": 4.500100135803223
    }
]