[
    {
        "label": "apple",
        "point": [
            150.0,
            87.5
        ],
        "radius": 1.1181340217590332
    },
    {
        "label": "apple",
        "point": [
            78.0,
            70.0
        ],
        "radius": 2.2361679077148438
    },
    {
        "label": "apple",
        "point": [
            165.0,
            55.5
        ],
        "radius": 1.1181340217590332
    },
    {
        "label": "apple",
        "point": [
            104.5,
            47.5
        ],
        "radius": 19.506507873535156
    },
    {
        "label": "apple",
        "point": [
            129.0,
            45.5
        ],
        "radius": 1.1181340217590332
    },
    {
        "label": "apple",
        "point": [
            136.0,
            25.0
        ],
        "radius": 1.000100016593933
    },
    {
        "label": "apple",
        "point": [
            165.5,
            24.5
        ],
        "radius": 1.581238865852356
    },
    {
        "label": "apple",
        "point": [
            145.0,
            24.5
        ],
        "radius": 4.031229019165039
    },
    {
        "label": "apple",
        "point": [
            133.0,
            24.0
        ],
        "radius": 1.000100016593933
    }
]