[
    {
        "label": "apple",
        "point": [
            1.5,
            154.0
        ],
        "radius": 1.1181340217590332
    },
    {
        "label": "apple",
        "point": [
            35.0,
            140.0
        ],
        "radius": 5.385264873504639
    },
    {
        "label": "apple",
        "point": [
            8.0,
            135.5
        ],
        "radius": 8.90234661102295
    },
    {
        "label": "apple",
        "point": [
            236.0,
            108.0
        ],
        "radius": 8.602425575256348
    },
    {
        "label": "apple",
        "point": [
            206.5,
            101.5
        ],
        "radius": 3.8079864978790283
    },
    {
        "label": "apple",
        "point": [
            131.5,
            101.0
        ],
        "radius": 2.061652660369873
    },
    {
        "label": "apple",
        "point": [
            6.0,
            108.5
        ],
        "radius": 12.093486785888672
    },
    {
        "label": "apple",
        "point": [
            35.0,
            102.5
        ],
        "radius": 10.965956687927246
    },
    {
        "label": "apple",
        "point": [
            201.5,
            88.5
        ],
        "radius": 5.700977325439453
    },
    {
        "label": "apple",
        "point": [
            154.5,
            82.0
        ],
        "radius": 4.609872341156006
    },
    {
        "label": "apple",
        "point": [
            228.30357360839844,
            85.23213958740234
        ],
        "radius": 9.306563377380371
    },
    {
        "label": "apple",
        "point": [
            200.0,
            75.4000015258789
        ],
        "radius": 2.6001012325286865
    },
    {
        "label": "apple",
        "point": [
            154.0,
            72.85713958740234
        ],
        "radius": 5.758853912353516
    },
    {
        "label": "apple",
        "point": [
            123.5,
            71.5
        ],
        "radius": 6.670932292938232
    },
    {
        "label": "apple",
        "point": [
            206.0,
            68.0
        ],
        "radius": 8.24631118774414
    },
    {
        "label": "apple",
        "point": [
            91.11538696289062,
            61.346153259277344
        ],
        "radius": 2.507483959197998
    },
    {
        "label": "apple",
        "point": [
            74.45454406738281,
            68.90908813476562
        ],
        "radius": 12.400116920471191
    },
    {
        "label": "apple",
        "point": [
            254.0,
            60.0
        ],
        "radius": 17.204750061035156
    },
    {
        "label": "apple",
        "point": [
            230.5,
            49.5
        ],
        "radius": 2.12142014503479
    },
    {
        "label": "apple",
        "point": [
            11.902597427368164,
            53.941558837890625
        ],
        "radius": 8.166386604309082
    },
    {
        "label": "apple",
        "point": [
            126.90425872802734,
            45.45744705200195
        ],
        "radius": 4.925642490386963
    },
    {
        "label": "apple",
        "point": [
            168.5,
            45.5
        ],
        "radius": 8.860122680664062
    },
    {
        "label": "apple",
        "point": [
            195.0,
            38.0
        ],
        "radius": 8.062357902526855
    },
    {
        "label": "apple",
        "point": [
            238.2558135986328,
            40.44186019897461
        ],
        "radius": 10.796534538269043
    },
    {
        "label": "apple",
        "point": [
            264.0,
            30.0
        ],
        "radius": 1.414313554763794
    },
    {
        "label": "apple",
        "point": [
            164.5,
            6.0
        ],
        "radius": 3.6401548385620117
    }
]