[
    {
        "label": "apple",
        "point": [
            130.0,
            60.5
        ],
        "radius": 2.061652660369873
    },
    {
        "label": "apple",
        "point": [
            121.0,
            41.5
        ],
        "radius": 2.6926822662353516
    },
    {
        "label": "apple",
        "point": [
            132.5,
            35.5
        ],
        "radius": 6.041623115539551
    },
    {
        "label": "apple",
        "point": [
            133.0,
            22.5
        ],
        "radius": 8.846003532409668
    },
    {
        "label": "apple",
        "point": [
            108.0,
            13.0
        ],
        "radius": 1.414313554763794
    },
    {
        "label": "apple",
        "point": [
            105.75,
            7.5
        ],
        "radius": 3.7166171073913574
    },
    {
        "label": "apple",
        "point": [
            95.0,
            3.75
        ],
        "radius": 2.0156643390655518
    }
]