[
    {
        "label": "apple",
        "point": [
            81.0,
            122.0
        ],
        "radius": 7.071167945861816
    },
    {
        "label": "apple",
        "point": [
            54.0,
            127.0
        ],
        "radius": 18.027854919433594
    },
    {
        "label": "apple",
        "point": [
            94.0,
            106.0
        ],
        "radius": 26.076908111572266
    },
    {
        "label": "apple",
        "point": [
            189.0,
            60.0
        ],
        "radius": 51.97124481201172
    },
    {
        "label": "apple",
        "point": [
            99.5,
            55.5
        ],
        "radius": 54.52073669433594
    }
]