[
    {
        "label": "apple",
        "point": [
            113.5,
            152.0
        ],
        "radius": 2.061652660369873
    },
    {
        "label": "apple",
        "point": [
            109.5,
            151.5
        ],
        "radius": 1.581238865852356
    },
    {
        "label": "apple",
        "point": [
            106.5,
            147.5
        ],
        "radius": 1.581238865852356
    },
    {
        "label": "apple",
        "point": [
            103.0,
            144.0
        ],
        "radius": 1.414313554763794
    },
    {
        "label": "apple",
        "point": [
            104.5,
            137.0
        ],
        "radius": 1.1181340217590332
    },
    {
        "label": "apple",
        "point": [
            163.9545440673828,
            135.90908813476562
        ],
        "radius": 3.091341018676758
    },
    {
        "label": "apple",
        "point": [
            93.5,
            131.5
        ],
        "radius": 3.5356338024139404
    },
    {
        "label": "apple",
        "point": [
            139.5,
            113.25
        ],
        "radius": 2.795184850692749
    },
    {
        "label": "apple",
        "point": [
            127.5,
            111.0
        ],
        "radius": 1.1181340217590332
    },
    {
        "label": "apple",
        "point": [
            121.64286041259766,
            110.78571319580078
        ],
        "radius": 1.8211767673492432
    },
    {
        "label": "apple",
        "point": [
            165.5,
            109.5
        ],
        "radius": 2.549609661102295
    },
    {
        "label": "apple",
        "point": [
            95.0,
            98.5
        ],
        "radius": 1.8028756380081177
    },
    {
        "label": "apple",
        "point": [
            76.0,
            88.0
        ],
        "radius": 1.414313554763794
    },
    {
        "label": "apple",
        "point": [
            68.0,
            94.0
        ],
        "radius": 11.180439949035645
    },
    {
        "label": "apple",
        "point": [
            147.5,
            83.0
        ],
        "radius": 1.8028756380081177
    },
    {
        "label": "apple",
        "point": [
            127.5,
            120.5
        ],
        "radius": 43.73223876953125
    },
    {
        "label": "apple",
        "point": [
            152.5425567626953,
            93.5851058959961
        ],
        "radius": 19.606828689575195
    },
    {
        "label": "apple",
        "point": [
            107.5,
            77.0
        ],
        "radius": 1.8028756380081177
    },
    {
        "label": "apple",
        "point": [
            148.5,
            76.5
        ],
        "radius": 4.743516445159912
    },
    {
        "label": "apple",
        "point": [
            131.5,
            74.5
        ],
        "radius": 1.581238865852356
    }
]