[
    {
        "label": "apple",
        "point": [
            146.5,
            146.0
        ],
        "radius": 1.8028756380081177
    },
    {
        "label": "apple",
        "point": [
            143.5,
            140.0
        ],
        "radius": 1.500100016593933
    },
    {
        "label": "apple",
        "point": [
            214.0,
            124.5
        ],
        "radius": 1.8028756380081177
    },
    {
        "label": "apple",
        "point": [
            225.5,
            115.0
        ],
        "radius": 1.1181340217590332
    },
    {
        "label": "apple",
        "point": [
            54.5,
            108.5
        ],
        "radius": 2.549609661102295
    },
    {
        "label": "apple",
        "point": [
            56.5,
            100.5
        ],
        "radius": 1.581238865852356
    },
    {
        "label": "apple",
        "point": [
            254.0,
            92.5
        ],
        "radius": 2.5000998973846436
    },
    {
        "label": "apple",
        "point": [
            135.0,
            90.5
        ],
        "radius": 1.1181340217590332
    },
    {
        "label": "apple",
        "point": [
            137.5,
            86.0
        ],
        "radius": 1.1181340217590332
    },
    {
        "label": "apple",
        "point": [
            136.0,
            85.0
        ],
        "radius": 2.2361679077148438
    },
    {
        "label": "apple",
        "point": [
            162.6666717529297,
            75.66666412353516
        ],
        "radius": 2.3571178913116455
    },
    {
        "label": "apple",
        "point": [
            54.5,
            68.5
        ],
        "radius": 2.549609661102295
    },
    {
        "label": "apple",
        "point": [
            185.0,
            63.5
        ],
        "radius": 1.1181340217590332
    },
    {
        "label": "apple",
        "point": [
            80.5,
            64.5
        ],
        "radius": 2.549609661102295
    },
    {
        "label": "apple",
        "point": [
            59.0,
            64.0
        ],
        "radius": 1.414313554763794
    },
    {
        "label": "apple",
        "point": [
            90.16666412353516,
            61.83333206176758
        ],
        "radius": 1.178612232208252
    },
    {
        "label": "apple",
        "point": [
            82.5,
            50.5
        ],
        "radius": 1.581238865852356
    },
    {
        "label": "apple",
        "point": [
            144.5,
            48.0
        ],
        "radius": 1.8028756380081177
    },
    {
        "label": "apple",
        "point": [
            140.0,
            35.5
        ],
        "radius": 4.031229019165039
    },
    {
        "label": "apple",
        "point": [
            113.5,
            31.5
        ],
        "radius": 1.581238865852356
    },
    {
        "label": "apple",
        "point": [
            154.0,
            27.0
        ],
        "radius": 3.1623775959014893
    }
]