[
    {
        "label": "apple",
        "point": [
            254.5,
            183.5
        ],
        "radius": 1.581238865852356
    },
    {
        "label": "apple",
        "point": [
            180.5,
            182.0
        ],
        "radius": 2.061652660369873
    },
    {
        "label": "apple",
        "point": [
            141.0,
            174.0
        ],
        "radius": 1.000100016593933
    },
    {
        "label": "apple",
        "point": [
            180.5,
            170.0
        ],
        "radius": 5.02503776550293
    },
    {
        "label": "apple",
        "point": [
            184.0,
            105.0
        ],
        "radius": 2.2361679077148438
    },
    {
        "label": "apple",
        "point": [
            154.5,
            104.0
        ],
        "radius": 1.1181340217590332
    },
    {
        "label": "apple",
        "point": [
            191.5,
            95.0
        ],
        "radius": 1.1181340217590332
    },
    {
        "label": "apple",
        "point": [
            187.0,
            79.5
        ],
        "radius": 1.1181340217590332
    }
]