[
    {
        "label": "apple",
        "point": [
            69.5,
            156.0
        ],
        "radius": 1.1181340217590332
    },
    {
        "label": "apple",
        "point": [
            53.70000076293945,
            156.6999969482422
        ],
        "radius": 1.8385791778564453
    },
    {
        "label": "apple",
        "point": [
            210.5,
            150.5
        ],
        "radius": 1.581238865852356
    },
    {
        "label": "apple",
        "point": [
            27.0,
            149.0
        ],
        "radius": 1.000100016593933
    },
    {
        "label": "apple",
        "point": [
            227.5,
            148.0
        ],
        "radius": 1.1181340217590332
    },
    {
        "label": "apple",
        "point": [
            266.5,
            144.0
        ],
        "radius": 2.6926822662353516
    },
    {
        "label": "apple",
        "point": [
            237.6999969482422,
            141.6999969482422
        ],
        "radius": 1.838581919670105
    },
    {
        "label": "apple",
        "point": [
            73.0,
            120.0
        ],
        "radius": 2.2361679077148438
    },
    {
        "label": "apple",
        "point": [
            40.5,
            115.0
        ],
        "radius": 2.5000998973846436
    },
    {
        "label": "apple",
        "point": [
            51.0,
            108.0
        ],
        "radius": 2.2361679077148438
    },
    {
        "label": "apple",
        "point": [
            56.5,
            86.83333587646484
        ],
        "radius": 1.900390863418579
    },
    {
        "label": "apple",
        "point": [
            83.5,
            84.0
        ],
        "radius": 1.1181340217590332
    },
    {
        "label": "apple",
        "point": [
            28.5,
            84.0
        ],
        "radius": 1.1181340217590332
    },
    {
        "label": "apple",
        "point": [
            33.0,
            71.0
        ],
        "radius": 1.000100016593933
    },
    {
        "label": "apple",
        "point": [
            14.357142448425293,
            73.64286041259766
        ],
        "radius": 2.72001576423645
    },
    {
        "label": "apple",
        "point": [
            32.0,
            68.5
        ],
        "radius": 2.061652660369873
    },
    {
        "label": "apple",
        "point": [
            238.5,
            68.5
        ],
        "radius": 1.581238865852356
    },
    {
        "label": "apple",
        "point": [
            19.0,
            68.0
        ],
        "radius": 3.1623775959014893
    },
    {
        "label": "apple",
        "point": [
            267.0,
            67.0
        ],
        "radius": 1.414313554763794
    },
    {
        "label": "apple",
        "point": [
            246.0,
            60.0
        ],
        "radius": 1.414313554763794
    },
    {
        "label": "apple",
        "point": [
            40.0,
            34.5
        ],
        "radius": 2.5000998973846436
    },
    {
        "label": "apple",
        "point": [
            14.5,
            32.0
        ],
        "radius": 1.8028756380081177
    },
    {
        "label": "apple",
        "point": [
            245.5,
            27.0
        ],
        "radius": 1.1181340217590332
    },
    {
        "label": "apple",
        "point": [
            248.8333282470703,
            11.833333015441895
        ],
        "radius": 1.1786164045333862
    }
]