[
    {
        "label": "apple",
        "point": [
            134.0,
            62.5
        ],
        "radius": 1.1181340217590332
    },
    {
        "label": "apple",
        "point": [
            130.0,
            61.0
        ],
        "radius": 1.000100016593933
    },
    {
        "label": "apple",
        "point": [
            121.5,
            47.0
        ],
        "radius": 1.1181340217590332
    },
    {
        "label": "apple",
        "point": [
            119.0,
            41.5
        ],
        "radius": 2.6926822662353516
    },
    {
        "label": "apple",
        "point": [
            112.5,
            36.0
        ],
        "radius": 1.1181340217590332
    },
    {
        "label": "apple",
        "point": [
            133.5,
            35.5
        ],
        "radius": 4.743516445159912
    },
    {
        "label": "apple",
        "point": [
            131.5,
            21.5
        ],
        "radius": 7.106435298919678
    },
    {
        "label": "apple",
        "point": [
            105.5,
            13.5
        ],
        "radius": 1.581238865852356
    },
    {
        "label": "apple",
        "point": [
            101.5,
            7.625
        ],
        "radius": 4.403578758239746
    },
    {
        "label": "apple",
        "point": [
            94.0,
            4.0
        ],
        "radius": 1.414313554763794
    }
]