[
    {
        "label": "apple",
        "point": [
            48.5,
            147.5
        ],
        "radius": 1.581238865852356
    },
    {
        "label": "apple",
        "point": [
            204.1923065185547,
            82.5
        ],
        "radius": 9.477729797363281
    },
    {
        "label": "apple",
        "point": [
            93.0,
            71.0
        ],
        "radius": 2.2361679077148438
    },
    {
        "label": "apple",
        "point": [
            152.1666717529297,
            68.83333587646484
        ],
        "radius": 1.1786094903945923
    },
    {
        "label": "apple",
        "point": [
            221.5,
            67.0
        ],
        "radius": 2.6926822662353516
    },
    {
        "label": "apple",
        "point": [
            97.0,
            99.5
        ],
        "radius": 37.845176696777344
    },
    {
        "label": "apple",
        "point": [
            230.0,
            63.5
        ],
        "radius": 1.8028756380081177
    },
    {
        "label": "apple",
        "point": [
            215.0,
            62.0
        ],
        "radius": 1.000100016593933
    },
    {
        "label": "apple",
        "point": [
            222.0,
            45.0
        ],
        "radius": 17.80459213256836
    }
]