[
    {
        "label": "apple",
        "point": [
            71.0999984741211,
            135.3000030517578
        ],
        "radius": 13.612597465515137
    },
    {
        "label": "apple",
        "point": [
            176.5,
            83.0
        ],
        "radius": 3.5000998973846436
    },
    {
        "label": "apple",
        "point": [
            121.88461303710938,
            83.65384674072266
        ],
        "radius": 4.737277030944824
    },
    {
        "label": "apple",
        "point": [
            90.88528442382812,
            85.66233825683594
        ],
        "radius": 15.92597770690918
    },
    {
        "label": "apple",
        "point": [
            139.0,
            74.0
        ],
        "radius": 17.262775421142578
    },
    {
        "label": "apple",
        "point": [
            113.5,
            68.0
        ],
        "radius": 2.061652660369873
    },
    {
        "label": "apple",
        "point": [
            99.5,
            57.0
        ],
        "radius": 3.201662063598633
    },
    {
        "label": "apple",
        "point": [
            131.11538696289062,
            44.346153259277344
        ],
        "radius": 2.507483959197998
    },
    {
        "label": "apple",
        "point": [
            141.5,
            45.5
        ],
        "radius": 9.300638198852539
    },
    {
        "label": "apple",
        "point": [
            260.28662109375,
            26.414012908935547
        ],
        "radius": 11.541996955871582
    }
]