[
    {
        "label": "apple",
        "point": [
            166.75,
            173.0
        ],
        "radius": 1.250100016593933
    },
    {
        "label": "apple",
        "point": [
            157.5,
            172.5
        ],
        "radius": 2.12142014503479
    },
    {
        "label": "apple",
        "point": [
            118.0,
            172.0
        ],
        "radius": 1.000100016593933
    },
    {
        "label": "apple",
        "point": [
            75.5,
            169.0
        ],
        "radius": 2.061652660369873
    },
    {
        "label": "apple",
        "point": [
            184.0,
            167.25
        ],
        "radius": 1.250100016593933
    },
    {
        "label": "apple",
        "point": [
            180.5,
            164.8333282470703
        ],
        "radius": 1.9003955125808716
    },
    {
        "label": "apple",
        "point": [
            74.0,
            160.0
        ],
        "radius": 4.123205661773682
    },
    {
        "label": "apple",
        "point": [
            228.5,
            159.5
        ],
        "radius": 6.5193023681640625
    },
    {
        "label": "apple",
        "point": [
            163.0,
            154.5
        ],
        "radius": 1.1181340217590332
    },
    {
        "label": "apple",
        "point": [
            111.0,
            155.5
        ],
        "radius": 1.500100016593933
    },
    {
        "label": "apple",
        "point": [
            125.5,
            153.5
        ],
        "radius": 1.581238865852356
    },
    {
        "label": "apple",
        "point": [
            210.5,
            151.5
        ],
        "radius": 1.581238865852356
    },
    {
        "label": "apple",
        "point": [
            192.5,
            149.0
        ],
        "radius": 1.8028756380081177
    },
    {
        "label": "apple",
        "point": [
            219.2346954345703,
            147.4591827392578
        ],
        "radius": 4.795995235443115
    },
    {
        "label": "apple",
        "point": [
            185.0,
            144.5
        ],
        "radius": 2.061652660369873
    },
    {
        "label": "apple",
        "point": [
            117.0,
            140.5
        ],
        "radius": 1.1181340217590332
    },
    {
        "label": "apple",
        "point": [
            79.0,
            142.5
        ],
        "radius": 3.0414812564849854
    },
    {
        "label": "apple",
        "point": [
            200.5,
            138.5
        ],
        "radius": 1.581238865852356
    },
    {
        "label": "apple",
        "point": [
            209.5,
            141.5
        ],
        "radius": 7.382511615753174
    },
    {
        "label": "apple",
        "point": [
            241.0,
            129.0
        ],
        "radius": 1.000100016593933
    },
    {
        "label": "apple",
        "point": [
            106.35713958740234,
            129.64285278320312
        ],
        "radius": 2.7200210094451904
    },
    {
        "label": "apple",
        "point": [
            226.6999969482422,
            129.3000030517578
        ],
        "radius": 5.420436382293701
    },
    {
        "label": "apple",
        "point": [
            192.7857208251953,
            126.78571319580078
        ],
        "radius": 2.5254759788513184
    },
    {
        "label": "apple",
        "point": [
            171.0,
            126.0
        ],
        "radius": 3.1623775959014893
    },
    {
        "label": "apple",
        "point": [
            85.91573333740234,
            125.88201904296875
        ],
        "radius": 6.186228275299072
    },
    {
        "label": "apple",
        "point": [
            196.0,
            120.0
        ],
        "radius": 3.6056511402130127
    },
    {
        "label": "apple",
        "point": [
            173.0,
            119.0
        ],
        "radius": 1.414313554763794
    },
    {
        "label": "apple",
        "point": [
            227.0,
            117.5
        ],
        "radius": 1.8028756380081177
    },
    {
        "label": "apple",
        "point": [
            212.9545440673828,
            117.5
        ],
        "radius": 11.056867599487305
    },
    {
        "label": "apple",
        "point": [
            200.5,
            111.5
        ],
        "radius": 1.581238865852356
    },
    {
        "label": "apple",
        "point": [
            162.5,
            113.33333587646484
        ],
        "radius": 3.655383348464966
    },
    {
        "label": "apple",
        "point": [
            173.0,
            111.0
        ],
        "radius": 2.2361679077148438
    },
    {
        "label": "apple",
        "point": [
            209.5,
            108.0
        ],
        "radius": 3.6401548385620117
    },
    {
        "label": "apple",
        "point": [
            94.5,
            110.0
        ],
        "radius": 4.272101879119873
    },
    {
        "label": "apple",
        "point": [
            58.5,
            105.5
        ],
        "radius": 1.581238865852356
    },
    {
        "label": "apple",
        "point": [
            243.0,
            105.5
        ],
        "radius": 2.6926822662353516
    },
    {
        "label": "apple",
        "point": [
            173.0,
            101.5
        ],
        "radius": 1.1181340217590332
    },
    {
        "label": "apple",
        "point": [
            167.0,
            98.5
        ],
        "radius": 4.031229019165039
    },
    {
        "label": "apple",
        "point": [
            131.5,
            96.0
        ],
        "radius": 2.6926822662353516
    },
    {
        "label": "apple",
        "point": [
            76.0,
            92.5
        ],
        "radius": 4.272101879119873
    },
    {
        "label": "apple",
        "point": [
            164.3333282470703,
            85.5
        ],
        "radius": 3.6553890705108643
    },
    {
        "label": "apple",
        "point": [
            151.0,
            82.0
        ],
        "radius": 2.2361679077148438
    },
    {
        "label": "apple",
        "point": [
            128.5,
            79.5
        ],
        "radius": 2.549609661102295
    },
    {
        "label": "apple",
        "point": [
            78.5,
            79.0
        ],
        "radius": 6.800835609436035
    },
    {
        "label": "apple",
        "point": [
            169.0,
            74.5
        ],
        "radius": 1.1181340217590332
    },
    {
        "label": "apple",
        "point": [
            32.87409973144531,
            77.95323944091797
        ],
        "radius": 9.35270881652832
    },
    {
        "label": "apple",
        "point": [
            1.0,
            72.5
        ],
        "radius": 1.1181340217590332
    },
    {
        "label": "apple",
        "point": [
            209.0,
            74.5
        ],
        "radius": 4.609872341156006
    },
    {
        "label": "apple",
        "point": [
            186.0,
            72.5
        ],
        "radius": 5.2202534675598145
    },
    {
        "label": "apple",
        "point": [
            207.0,
            68.0
        ],
        "radius": 1.000100016593933
    },
    {
        "label": "apple",
        "point": [
            193.0,
            66.0
        ],
        "radius": 1.000100016593933
    },
    {
        "label": "apple",
        "point": [
            122.54562377929688,
            93.38719940185547
        ],
        "radius": 28.97325897216797
    },
    {
        "label": "apple",
        "point": [
            12.5,
            67.5
        ],
        "radius": 4.527792930603027
    },
    {
        "label": "apple",
        "point": [
            41.09321975708008,
            67.05931854248047
        ],
        "radius": 9.141846656799316
    },
    {
        "label": "apple",
        "point": [
            163.7941131591797,
            64.97058868408203
        ],
        "radius": 7.0742268562316895
    },
    {
        "label": "apple",
        "point": [
            124.875,
            55.75
        ],
        "radius": 3.365827798843384
    },
    {
        "label": "apple",
        "point": [
            194.02694702148438,
            56.78742599487305
        ],
        "radius": 8.44636058807373
    },
    {
        "label": "apple",
        "point": [
            152.40908813476562,
            53.5
        ],
        "radius": 5.613325119018555
    },
    {
        "label": "apple",
        "point": [
            163.2142791748047,
            50.35714340209961
        ],
        "radius": 1.8211848735809326
    },
    {
        "label": "apple",
        "point": [
            111.0,
            52.0
        ],
        "radius": 4.472236156463623
    },
    {
        "label": "apple",
        "point": [
            14.0,
            47.0
        ],
        "radius": 1.414313554763794
    },
    {
        "label": "apple",
        "point": [
            30.0,
            47.0
        ],
        "radius": 2.2361679077148438
    },
    {
        "label": "apple",
        "point": [
            211.0,
            46.0
        ],
        "radius": 4.472236156463623
    },
    {
        "label": "apple",
        "point": [
            125.0,
            46.5
        ],
        "radius": 6.18475866317749
    },
    {
        "label": "apple",
        "point": [
            92.0,
            53.0
        ],
        "radius": 15.264437675476074
    },
    {
        "label": "apple",
        "point": [
            156.0,
            43.0
        ],
        "radius": 6.082862854003906
    },
    {
        "label": "apple",
        "point": [
            105.5,
            40.0
        ],
        "radius": 3.3542017936706543
    },
    {
        "label": "apple",
        "point": [
            165.4130401611328,
            30.84782600402832
        ],
        "radius": 3.179222822189331
    },
    {
        "label": "apple",
        "point": [
            176.10308837890625,
            39.64948272705078
        ],
        "radius": 12.791022300720215
    },
    {
        "label": "apple",
        "point": [
            143.0,
            29.0
        ],
        "radius": 7.211202621459961
    },
    {
        "label": "apple",
        "point": [
            112.18965148925781,
            27.741378784179688
        ],
        "radius": 3.9260668754577637
    },
    {
        "label": "apple",
        "point": [
            189.8333282470703,
            24.83333396911621
        ],
        "radius": 4.249287128448486
    },
    {
        "label": "apple",
        "point": [
            96.5,
            21.0
        ],
        "radius": 4.717090606689453
    },
    {
        "label": "apple",
        "point": [
            153.5,
            15.5
        ],
        "radius": 13.729630470275879
    },
    {
        "label": "apple",
        "point": [
            126.0,
            15.5
        ],
        "radius": 5.2202534675598145
    },
    {
        "label": "apple",
        "point": [
            149.0,
            11.0
        ],
        "radius": 2.2361679077148438
    },
    {
        "label": "apple",
        "point": [
            107.5,
            11.0
        ],
        "radius": 1.1181340217590332
    },
    {
        "label": "apple",
        "point": [
            214.5,
            10.5
        ],
        "radius": 2.12142014503479
    },
    {
        "label": "apple",
        "point": [
            102.5,
            12.0
        ],
        "radius": 3.0414812564849854
    },
    {
        "label": "apple",
        "point": [
            66.2272720336914,
            14.318181991577148
        ],
        "radius": 6.780297756195068
    },
    {
        "label": "apple",
        "point": [
            150.8333282470703,
            5.833333492279053
        ],
        "radius": 6.222820281982422
    }
]