[
    {
        "label": "apple",
        "point": [
            88.5,
            142.5
        ],
        "radius": 2.549609661102295
    },
    {
        "label": "apple",
        "point": [
            223.0,
            126.66666412353516
        ],
        "radius": 1.6667686700820923
    },
    {
        "label": "apple",
        "point": [
            104.0,
            122.5
        ],
        "radius": 1.8028756380081177
    },
    {
        "label": "apple",
        "point": [
            2.5,
            120.5
        ],
        "radius": 2.12142014503479
    },
    {
        "label": "apple",
        "point": [
            147.86363220214844,
            119.04545593261719
        ],
        "radius": 2.136951208114624
    },
    {
        "label": "apple",
        "point": [
            48.0,
            117.5
        ],
        "radius": 2.061652660369873
    },
    {
        "label": "apple",
        "point": [
            186.5,
            117.0
        ],
        "radius": 1.1181340217590332
    },
    {
        "label": "apple",
        "point": [
            173.5,
            114.0
        ],
        "radius": 2.061652660369873
    },
    {
        "label": "apple",
        "point": [
            44.5,
            111.5
        ],
        "radius": 2.549609661102295
    },
    {
        "label": "apple",
        "point": [
            233.0,
            110.0
        ],
        "radius": 1.414313554763794
    },
    {
        "label": "apple",
        "point": [
            76.16666412353516,
            103.5
        ],
        "radius": 3.2059993743896484
    },
    {
        "label": "apple",
        "point": [
            195.1666717529297,
            104.16666412353516
        ],
        "radius": 3.3748419284820557
    },
    {
        "label": "apple",
        "point": [
            180.5,
            102.5
        ],
        "radius": 2.549609661102295
    },
    {
        "label": "apple",
        "point": [
            186.5,
            94.0
        ],
        "radius": 1.8028756380081177
    },
    {
        "label": "apple",
        "point": [
            227.0,
            77.0
        ],
        "radius": 1.000100016593933
    },
    {
        "label": "apple",
        "point": [
            238.5,
            72.0
        ],
        "radius": 1.1181340217590332
    },
    {
        "label": "apple",
        "point": [
            85.5,
            73.5
        ],
        "radius": 3.8079864978790283
    },
    {
        "label": "apple",
        "point": [
            231.0,
            62.0
        ],
        "radius": 3.6056511402130127
    },
    {
        "label": "apple",
        "point": [
            197.5,
            41.0
        ],
        "radius": 1.1181340217590332
    },
    {
        "label": "apple",
        "point": [
            147.34616088867188,
            35.653846740722656
        ],
        "radius": 4.939070224761963
    },
    {
        "label": "apple",
        "point": [
            260.8404235839844,
            17.32978630065918
        ],
        "radius": 10.968439102172852
    },
    {
        "label": "apple",
        "point": [
            267.5869445800781,
            4.15217399597168
        ],
        "radius": 3.179225444793701
    }
]