[
    {
        "label": "apple",
        "point": [
            176.1289520263672,
            119.87556457519531
        ],
        "radius": 46.97517013549805
    },
    {
        "label": "apple",
        "point": [
            13.0,
            79.0
        ],
        "radius": 1.414313554763794
    },
    {
        "label": "apple",
        "point": [
            266.5,
            77.0
        ],
        "radius": 6.020897388458252
    },
    {
        "label": "apple",
        "point": [
            5.20192289352417,
            66.39423370361328
        ],
        "radius": 17.894664764404297
    }
]