[
    {
        "label": "apple",
        "point": [
            261.5,
            182.5
        ],
        "radius": 1.581238865852356
    },
    {
        "label": "apple",
        "point": [
            236.5,
            146.0
        ],
        "radius": 1.8028756380081177
    },
    {
        "label": "apple",
        "point": [
            265.23077392578125,
            149.46153259277344
        ],
        "radius": 6.699470520019531
    },
    {
        "label": "apple",
        "point": [
            245.3000030517578,
            138.25999450683594
        ],
        "radius": 6.343405723571777
    },
    {
        "label": "apple",
        "point": [
            137.72222900390625,
            136.1666717529297
        ],
        "radius": 7.505242824554443
    },
    {
        "label": "apple",
        "point": [
            122.22119140625,
            120.89776611328125
        ],
        "radius": 10.280545234680176
    },
    {
        "label": "apple",
        "point": [
            262.5,
            110.0
        ],
        "radius": 9.178879737854004
    },
    {
        "label": "apple",
        "point": [
            76.0,
            104.5
        ],
        "radius": 6.103377819061279
    },
    {
        "label": "apple",
        "point": [
            257.0,
            100.5
        ],
        "radius": 3.3542017936706543
    },
    {
        "label": "apple",
        "point": [
            188.2936553955078,
            98.70635223388672
        ],
        "radius": 22.61378288269043
    },
    {
        "label": "apple",
        "point": [
            125.0,
            91.5
        ],
        "radius": 18.581003189086914
    },
    {
        "label": "apple",
        "point": [
            246.0,
            76.0
        ],
        "radius": 1.414313554763794
    },
    {
        "label": "apple",
        "point": [
            237.5,
            79.0
        ],
        "radius": 5.590270042419434
    },
    {
        "label": "apple",
        "point": [
            5.045454502105713,
            76.09091186523438
        ],
        "radius": 3.0913422107696533
    },
    {
        "label": "apple",
        "point": [
            169.72222900390625,
            66.05555725097656
        ],
        "radius": 7.562590599060059
    },
    {
        "label": "apple",
        "point": [
            71.5,
            58.0
        ],
        "radius": 1.1181340217590332
    },
    {
        "label": "apple",
        "point": [
            63.5,
            54.5
        ],
        "radius": 2.549609661102295
    },
    {
        "label": "apple",
        "point": [
            206.0,
            49.5
        ],
        "radius": 2.061652660369873
    },
    {
        "label": "apple",
        "point": [
            79.98780822753906,
            53.45731735229492
        ],
        "radius": 8.159455299377441
    },
    {
        "label": "apple",
        "point": [
            150.57691955566406,
            50.5
        ],
        "radius": 8.786355972290039
    },
    {
        "label": "apple",
        "point": [
            166.5,
            43.125
        ],
        "radius": 4.155292510986328
    },
    {
        "label": "apple",
        "point": [
            114.5,
            41.5
        ],
        "radius": 2.9155757427215576
    },
    {
        "label": "apple",
        "point": [
            116.0,
            35.0
        ],
        "radius": 3.1623775959014893
    },
    {
        "label": "apple",
        "point": [
            66.1500015258789,
            27.600000381469727
        ],
        "radius": 5.411430358886719
    },
    {
        "label": "apple",
        "point": [
            112.0,
            18.5
        ],
        "radius": 3.6401548385620117
    },
    {
        "label": "apple",
        "point": [
            21.5,
            14.5
        ],
        "radius": 2.12142014503479
    },
    {
        "label": "apple",
        "point": [
            140.35227966308594,
            20.295454025268555
        ],
        "radius": 9.985655784606934
    },
    {
        "label": "apple",
        "point": [
            36.0,
            4.0
        ],
        "radius": 5.000100135803223
    },
    {
        "label": "apple",
        "point": [
            259.0,
            4.0
        ],
        "radius": 5.000100135803223
    },
    {
        "label": "apple",
        "point": [
            194.5,
            1.0
        ],
        "radius": 3.6401548385620117
    },
    {
        "label": "apple",
        "point": [
            183.0,
            0.5
        ],
        "radius": 1.1181340217590332
    }
]