[
    {
        "label": "apple",
        "point": [
            73.0,
            175.0
        ],
        "radius": 1.000100016593933
    },
    {
        "label": "apple",
        "point": [
            232.0,
            145.5
        ],
        "radius": 4.272101879119873
    },
    {
        "label": "apple",
        "point": [
            141.125,
            138.0
        ],
        "radius": 2.1250998973846436
    },
    {
        "label": "apple",
        "point": [
            160.0,
            128.5
        ],
        "radius": 2.5000998973846436
    },
    {
        "label": "apple",
        "point": [
            264.5,
            126.5
        ],
        "radius": 2.9155757427215576
    },
    {
        "label": "apple",
        "point": [
            245.5,
            122.5
        ],
        "radius": 1.581238865852356
    },
    {
        "label": "apple",
        "point": [
            67.47826385498047,
            126.26087188720703
        ],
        "radius": 5.527997970581055
    },
    {
        "label": "apple",
        "point": [
            228.57142639160156,
            125.64286041259766
        ],
        "radius": 5.671819686889648
    },
    {
        "label": "apple",
        "point": [
            154.0,
            110.5
        ],
        "radius": 1.1181340217590332
    },
    {
        "label": "apple",
        "point": [
            221.4545440673828,
            108.0
        ],
        "radius": 5.54555606842041
    },
    {
        "label": "apple",
        "point": [
            16.653846740722656,
            108.11538696289062
        ],
        "radius": 4.737277030944824
    },
    {
        "label": "apple",
        "point": [
            177.0,
            105.0
        ],
        "radius": 5.385264873504639
    },
    {
        "label": "apple",
        "point": [
            258.0,
            105.0
        ],
        "radius": 10.198139190673828
    },
    {
        "label": "apple",
        "point": [
            39.81578826904297,
            108.18421173095703
        ],
        "radius": 6.955938339233398
    },
    {
        "label": "apple",
        "point": [
            215.0,
            101.5
        ],
        "radius": 5.590270042419434
    },
    {
        "label": "apple",
        "point": [
            165.5,
            96.5
        ],
        "radius": 5.147915363311768
    },
    {
        "label": "apple",
        "point": [
            127.95454406738281,
            95.5
        ],
        "radius": 6.140672206878662
    },
    {
        "label": "apple",
        "point": [
            249.5,
            90.5
        ],
        "radius": 2.549609661102295
    },
    {
        "label": "apple",
        "point": [
            233.0,
            86.5
        ],
        "radius": 4.031229019165039
    },
    {
        "label": "apple",
        "point": [
            92.05000305175781,
            83.96666717529297
        ],
        "radius": 5.056803226470947
    },
    {
        "label": "apple",
        "point": [
            221.9545440673828,
            80.5
        ],
        "radius": 6.140672206878662
    },
    {
        "label": "apple",
        "point": [
            127.26923370361328,
            70.80769348144531
        ],
        "radius": 3.274980068206787
    },
    {
        "label": "apple",
        "point": [
            35.0,
            72.0
        ],
        "radius": 5.099119663238525
    },
    {
        "label": "apple",
        "point": [
            22.0,
            69.5
        ],
        "radius": 5.2202534675598145
    },
    {
        "label": "apple",
        "point": [
            52.72222137451172,
            66.72222137451172
        ],
        "radius": 3.221365213394165
    },
    {
        "label": "apple",
        "point": [
            229.0,
            61.5
        ],
        "radius": 2.061652660369873
    },
    {
        "label": "apple",
        "point": [
            77.5,
            62.5
        ],
        "radius": 4.527792930603027
    },
    {
        "label": "apple",
        "point": [
            8.0,
            55.0
        ],
        "radius": 3.1623775959014893
    },
    {
        "label": "apple",
        "point": [
            119.5,
            51.5
        ],
        "radius": 2.549609661102295
    },
    {
        "label": "apple",
        "point": [
            228.0,
            51.599998474121094
        ],
        "radius": 6.161269187927246
    },
    {
        "label": "apple",
        "point": [
            172.0,
            48.91666793823242
        ],
        "radius": 3.083434581756592
    },
    {
        "label": "apple",
        "point": [
            43.0,
            47.0
        ],
        "radius": 4.123205661773682
    },
    {
        "label": "apple",
        "point": [
            46.0,
            41.5
        ],
        "radius": 1.1181340217590332
    },
    {
        "label": "apple",
        "point": [
            95.19999694824219,
            43.20000076293945
        ],
        "radius": 3.8834002017974854
    },
    {
        "label": "apple",
        "point": [
            84.16666412353516,
            44.5
        ],
        "radius": 6.3465800285339355
    },
    {
        "label": "apple",
        "point": [
            213.5,
            39.16666793823242
        ],
        "radius": 1.9003931283950806
    },
    {
        "label": "apple",
        "point": [
            68.0,
            40.0
        ],
        "radius": 12.649210929870605
    },
    {
        "label": "apple",
        "point": [
            242.0,
            37.08333206176758
        ],
        "radius": 6.000678539276123
    },
    {
        "label": "apple",
        "point": [
            164.0,
            34.5
        ],
        "radius": 1.1181340217590332
    },
    {
        "label": "apple",
        "point": [
            48.5,
            33.5
        ],
        "radius": 2.9155757427215576
    },
    {
        "label": "apple",
        "point": [
            235.0,
            31.0
        ],
        "radius": 3.1623775959014893
    },
    {
        "label": "apple",
        "point": [
            57.5,
            31.5
        ],
        "radius": 2.9155757427215576
    },
    {
        "label": "apple",
        "point": [
            44.0,
            32.0
        ],
        "radius": 3.1623775959014893
    },
    {
        "label": "apple",
        "point": [
            133.42857360839844,
            29.0
        ],
        "radius": 3.571526288986206
    },
    {
        "label": "apple",
        "point": [
            90.5999984741211,
            25.0
        ],
        "radius": 2.6001012325286865
    },
    {
        "label": "apple",
        "point": [
            163.0,
            27.0
        ],
        "radius": 5.385264873504639
    },
    {
        "label": "apple",
        "point": [
            247.27777099609375,
            22.83333396911621
        ],
        "radius": 3.900881767272949
    },
    {
        "label": "apple",
        "point": [
            221.22222900390625,
            18.94444465637207
        ],
        "radius": 4.12955904006958
    },
    {
        "label": "apple",
        "point": [
            24.5,
            15.5
        ],
        "radius": 2.12142014503479
    },
    {
        "label": "apple",
        "point": [
            247.5,
            6.5
        ],
        "radius": 3.8079864978790283
    },
    {
        "label": "apple",
        "point": [
            95.5,
            4.5
        ],
        "radius": 2.549609661102295
    },
    {
        "label": "apple",
        "point": [
            257.0333251953125,
            4.949999809265137
        ],
        "radius": 5.056814193725586
    }
]