[
    {
        "label": "apple",
        "point": [
            267.5,
            118.0
        ],
        "radius": 2.061652660369873
    },
    {
        "label": "apple",
        "point": [
            67.5,
            113.0
        ],
        "radius": 1.8028756380081177
    },
    {
        "label": "apple",
        "point": [
            226.5,
            86.0
        ],
        "radius": 4.609872341156006
    },
    {
        "label": "apple",
        "point": [
            237.5,
            75.0
        ],
        "radius": 1.500100016593933
    },
    {
        "label": "apple",
        "point": [
            232.0,
            70.5
        ],
        "radius": 5.2202534675598145
    }
]