[
    {
        "label": "apple",
        "point": [
            113.0,
            139.0
        ],
        "radius": 4.000100135803223
    },
    {
        "label": "apple",
        "point": [
            138.0,
            137.0
        ],
        "radius": 1.000100016593933
    },
    {
        "label": "apple",
        "point": [
            81.5,
            120.0
        ],
        "radius": 2.6926822662353516
    },
    {
        "label": "apple",
        "point": [
            142.5,
            129.0
        ],
        "radius": 24.824481964111328
    },
    {
        "label": "apple",
        "point": [
            179.0,
            107.0
        ],
        "radius": 3.1623775959014893
    },
    {
        "label": "apple",
        "point": [
            62.5,
            89.5
        ],
        "radius": 1.581238865852356
    },
    {
        "label": "apple",
        "point": [
            25.5,
            85.0
        ],
        "radius": 1.1181340217590332
    },
    {
        "label": "apple",
        "point": [
            101.0,
            105.0
        ],
        "radius": 38.483863830566406
    },
    {
        "label": "apple",
        "point": [
            104.0,
            38.0
        ],
        "radius": 1.000100016593933
    }
]