[
    {
        "label": "apple",
        "point": [
            176.5,
            110.0
        ],
        "radius": 1.1181340217590332
    },
    {
        "label": "apple",
        "point": [
            181.5,
            109.5
        ],
        "radius": 1.581238865852356
    },
    {
        "label": "apple",
        "point": [
            268.5,
            108.5
        ],
        "radius": 1.581238865852356
    },
    {
        "label": "apple",
        "point": [
            186.5,
            105.0
        ],
        "radius": 2.5000998973846436
    },
    {
        "label": "apple",
        "point": [
            126.0,
            108.0
        ],
        "radius": 12.083146095275879
    },
    {
        "label": "apple",
        "point": [
            134.5,
            102.5
        ],
        "radius": 4.743516445159912
    },
    {
        "label": "apple",
        "point": [
            117.5,
            98.0
        ],
        "radius": 1.1181340217590332
    },
    {
        "label": "apple",
        "point": [
            121.0,
            90.5
        ],
        "radius": 1.1181340217590332
    },
    {
        "label": "apple",
        "point": [
            168.5,
            74.5
        ],
        "radius": 32.626773834228516
    },
    {
        "label": "apple",
        "point": [
            186.5,
            56.0
        ],
        "radius": 1.1181340217590332
    },
    {
        "label": "apple",
        "point": [
            153.7941131591797,
            57.44117736816406
        ],
        "radius": 5.434360504150391
    },
    {
        "label": "apple",
        "point": [
            186.11538696289062,
            51.346153259277344
        ],
        "radius": 2.507483959197998
    }
]