[
    {
        "label": "apple",
        "point": [
            173.25,
            180.0
        ],
        "radius": 1.250100016593933
    },
    {
        "label": "apple",
        "point": [
            51.5,
            180.5
        ],
        "radius": 3.5356338024139404
    },
    {
        "label": "apple",
        "point": [
            227.5,
            180.0
        ],
        "radius": 4.717090606689453
    },
    {
        "label": "apple",
        "point": [
            239.0,
            177.17857360839844
        ],
        "radius": 7.452070236206055
    },
    {
        "label": "apple",
        "point": [
            136.5,
            167.0
        ],
        "radius": 2.6926822662353516
    },
    {
        "label": "apple",
        "point": [
            146.5,
            171.0
        ],
        "radius": 9.708344459533691
    },
    {
        "label": "apple",
        "point": [
            47.0,
            157.0
        ],
        "radius": 6.082862854003906
    },
    {
        "label": "apple",
        "point": [
            68.5,
            150.0
        ],
        "radius": 1.1181340217590332
    },
    {
        "label": "apple",
        "point": [
            75.28947448730469,
            122.60526275634766
        ],
        "radius": 4.912771701812744
    },
    {
        "label": "apple",
        "point": [
            200.2267303466797,
            141.5870819091797
        ],
        "radius": 26.843868255615234
    },
    {
        "label": "apple",
        "point": [
            98.5,
            110.5
        ],
        "radius": 1.581238865852356
    },
    {
        "label": "apple",
        "point": [
            6.214285850524902,
            70.64286041259766
        ],
        "radius": 5.414558410644531
    },
    {
        "label": "apple",
        "point": [
            97.0,
            63.5
        ],
        "radius": 8.732224464416504
    },
    {
        "label": "apple",
        "point": [
            159.46621704101562,
            92.12837982177734
        ],
        "radius": 49.70562744140625
    },
    {
        "label": "apple",
        "point": [
            209.0263214111328,
            51.97368240356445
        ],
        "radius": 7.247696876525879
    },
    {
        "label": "apple",
        "point": [
            114.5,
            27.5
        ],
        "radius": 6.670932292938232
    },
    {
        "label": "apple",
        "point": [
            147.06521606445312,
            22.086956024169922
        ],
        "radius": 5.001282215118408
    },
    {
        "label": "apple",
        "point": [
            52.90909194946289,
            22.68181800842285
        ],
        "radius": 7.287725448608398
    },
    {
        "label": "apple",
        "point": [
            36.58045959472656,
            15.44252872467041
        ],
        "radius": 12.903966903686523
    }
]