[
    {
        "label": "apple",
        "point": [
            157.5,
            173.0
        ],
        "radius": 6.576573371887207
    },
    {
        "label": "apple",
        "point": [
            91.0,
            153.5
        ],
        "radius": 4.031229019165039
    },
    {
        "label": "apple",
        "point": [
            88.0,
            126.0
        ],
        "radius": 10.440406799316406
    },
    {
        "label": "apple",
        "point": [
            175.5,
            109.5
        ],
        "radius": 1.581238865852356
    },
    {
        "label": "apple",
        "point": [
            79.0,
            111.5
        ],
        "radius": 6.500100135803223
    },
    {
        "label": "apple",
        "point": [
            163.0,
            115.5
        ],
        "radius": 19.05921745300293
    },
    {
        "label": "apple",
        "point": [
            84.5,
            96.0
        ],
        "radius": 1.500100016593933
    },
    {
        "label": "apple",
        "point": [
            93.5,
            90.0
        ],
        "radius": 2.5000998973846436
    },
    {
        "label": "apple",
        "point": [
            125.5,
            87.5
        ],
        "radius": 17.39262580871582
    },
    {
        "label": "apple",
        "point": [
            203.0,
            61.5
        ],
        "radius": 10.012592315673828
    },
    {
        "label": "apple",
        "point": [
            56.984375,
            62.0
        ],
        "radius": 16.015724182128906
    },
    {
        "label": "apple",
        "point": [
            23.0,
            29.5
        ],
        "radius": 2.061652660369873
    },
    {
        "label": "apple",
        "point": [
            30.0,
            35.5
        ],
        "radius": 18.007041931152344
    }
]