[
    {
        "label": "apple",
        "point": [
            267.5,
            165.0
        ],
        "radius": 1.1181340217590332
    },
    {
        "label": "apple",
        "point": [
            233.0,
            162.0
        ],
        "radius": 2.2361679077148438
    },
    {
        "label": "apple",
        "point": [
            265.0,
            159.0
        ],
        "radius": 4.472236156463623
    },
    {
        "label": "apple",
        "point": [
            134.5,
            145.5
        ],
        "radius": 1.581238865852356
    },
    {
        "label": "apple",
        "point": [
            188.31817626953125,
            144.9545440673828
        ],
        "radius": 3.318596601486206
    },
    {
        "label": "apple",
        "point": [
            148.59677124023438,
            141.0806427001953
        ],
        "radius": 3.907259941101074
    },
    {
        "label": "apple",
        "point": [
            182.0,
            116.875
        ],
        "radius": 2.1250998973846436
    },
    {
        "label": "apple",
        "point": [
            230.5,
            100.0
        ],
        "radius": 1.1181340217590332
    },
    {
        "label": "apple",
        "point": [
            111.33333587646484,
            93.66666412353516
        ],
        "radius": 3.726876735687256
    },
    {
        "label": "apple",
        "point": [
            208.0,
            89.0
        ],
        "radius": 2.2361679077148438
    },
    {
        "label": "apple",
        "point": [
            129.7391357421875,
            90.65217590332031
        ],
        "radius": 5.018964767456055
    },
    {
        "label": "apple",
        "point": [
            139.25,
            87.625
        ],
        "radius": 3.6337103843688965
    },
    {
        "label": "apple",
        "point": [
            146.5,
            85.5
        ],
        "radius": 4.743516445159912
    },
    {
        "label": "apple",
        "point": [
            164.5,
            86.5
        ],
        "radius": 5.700977325439453
    },
    {
        "label": "apple",
        "point": [
            150.0,
            78.5
        ],
        "radius": 1.1181340217590332
    },
    {
        "label": "apple",
        "point": [
            108.0,
            84.0
        ],
        "radius": 8.602425575256348
    },
    {
        "label": "apple",
        "point": [
            262.0,
            73.75
        ],
        "radius": 1.250100016593933
    },
    {
        "label": "apple",
        "point": [
            109.5,
            74.0
        ],
        "radius": 1.8028756380081177
    },
    {
        "label": "apple",
        "point": [
            157.0,
            71.5
        ],
        "radius": 1.500100016593933
    },
    {
        "label": "apple",
        "point": [
            151.5,
            68.5
        ],
        "radius": 1.581238865852356
    },
    {
        "label": "apple",
        "point": [
            62.5,
            42.5
        ],
        "radius": 2.549609661102295
    },
    {
        "label": "apple",
        "point": [
            121.5,
            23.0
        ],
        "radius": 1.8028756380081177
    },
    {
        "label": "apple",
        "point": [
            109.0,
            19.5
        ],
        "radius": 6.020897388458252
    },
    {
        "label": "apple",
        "point": [
            136.5,
            15.0
        ],
        "radius": 2.061652660369873
    }
]