[
    {
        "label": "apple",
        "point": [
            236.0,
            174.5
        ],
        "radius": 3.201662063598633
    },
    {
        "label": "apple",
        "point": [
            194.0,
            164.5
        ],
        "radius": 1.500100016593933
    },
    {
        "label": "apple",
        "point": [
            177.3000030517578,
            163.5
        ],
        "radius": 2.7460029125213623
    },
    {
        "label": "apple",
        "point": [
            226.5,
            160.0
        ],
        "radius": 1.1181340217590332
    },
    {
        "label": "apple",
        "point": [
            178.0,
            159.5
        ],
        "radius": 1.1181340217590332
    },
    {
        "label": "apple",
        "point": [
            96.71052551269531,
            156.55262756347656
        ],
        "radius": 2.7663872241973877
    },
    {
        "label": "apple",
        "point": [
            82.5,
            150.0
        ],
        "radius": 21.10104751586914
    },
    {
        "label": "apple",
        "point": [
            259.5,
            112.0
        ],
        "radius": 1.1181340217590332
    },
    {
        "label": "apple",
        "point": [
            91.0,
            112.5
        ],
        "radius": 1.8028756380081177
    },
    {
        "label": "apple",
        "point": [
            241.5,
            103.5
        ],
        "radius": 2.549609661102295
    },
    {
        "label": "apple",
        "point": [
            75.5,
            112.0
        ],
        "radius": 20.18053436279297
    },
    {
        "label": "apple",
        "point": [
            132.0,
            98.0
        ],
        "radius": 2.2361679077148438
    },
    {
        "label": "apple",
        "point": [
            124.5,
            92.25
        ],
        "radius": 2.795184850692749
    },
    {
        "label": "apple",
        "point": [
            145.5,
            91.0
        ],
        "radius": 1.8028756380081177
    },
    {
        "label": "apple",
        "point": [
            117.5,
            97.0
        ],
        "radius": 14.221562385559082
    },
    {
        "label": "apple",
        "point": [
            198.0,
            70.5
        ],
        "radius": 1.1181340217590332
    },
    {
        "label": "apple",
        "point": [
            60.5,
            72.0
        ],
        "radius": 2.061652660369873
    },
    {
        "label": "apple",
        "point": [
            189.5,
            63.5
        ],
        "radius": 1.581238865852356
    },
    {
        "label": "apple",
        "point": [
            41.0,
            72.0
        ],
        "radius": 19.723182678222656
    },
    {
        "label": "apple",
        "point": [
            142.5,
            55.0
        ],
        "radius": 3.9052248001098633
    },
    {
        "label": "apple",
        "point": [
            136.5,
            50.0
        ],
        "radius": 1.1181340217590332
    },
    {
        "label": "apple",
        "point": [
            136.0,
            47.5
        ],
        "radius": 1.1181340217590332
    },
    {
        "label": "apple",
        "point": [
            132.5,
            46.0
        ],
        "radius": 1.1181340217590332
    },
    {
        "label": "apple",
        "point": [
            132.5,
            37.5
        ],
        "radius": 1.581238865852356
    },
    {
        "label": "apple",
        "point": [
            123.0,
            44.0
        ],
        "radius": 10.000100135803223
    },
    {
        "label": "apple",
        "point": [
            133.5,
            35.0
        ],
        "radius": 1.500100016593933
    },
    {
        "label": "apple",
        "point": [
            147.0,
            32.0
        ],
        "radius": 1.000100016593933
    },
    {
        "label": "apple",
        "point": [
            109.0,
            28.5
        ],
        "radius": 1.1181340217590332
    },
    {
        "label": "apple",
        "point": [
            94.5,
            38.0
        ],
        "radius": 18.062490463256836
    }
]