[
    {
        "label": "apple",
        "point": [
            152.0,
            177.5
        ],
        "radius": 1.500100016593933
    },
    {
        "label": "apple",
        "point": [
            268.0,
            171.5
        ],
        "radius": 1.8028756380081177
    },
    {
        "label": "apple",
        "point": [
            159.0,
            165.75
        ],
        "radius": 1.250100016593933
    },
    {
        "label": "apple",
        "point": [
            54.0,
            165.0
        ],
        "radius": 2.2361679077148438
    },
    {
        "label": "apple",
        "point": [
            26.0,
            163.0
        ],
        "radius": 1.414313554763794
    },
    {
        "label": "apple",
        "point": [
            99.2368392944336,
            162.13157653808594
        ],
        "radius": 4.3250274658203125
    },
    {
        "label": "apple",
        "point": [
            78.0,
            156.0
        ],
        "radius": 1.414313554763794
    },
    {
        "label": "apple",
        "point": [
            145.5,
            155.5
        ],
        "radius": 2.12142014503479
    },
    {
        "label": "apple",
        "point": [
            6.0,
            154.0
        ],
        "radius": 1.414313554763794
    },
    {
        "label": "apple",
        "point": [
            39.0,
            153.5
        ],
        "radius": 2.061652660369873
    },
    {
        "label": "apple",
        "point": [
            198.0,
            151.5
        ],
        "radius": 1.8028756380081177
    },
    {
        "label": "apple",
        "point": [
            32.78571319580078,
            151.64285278320312
        ],
        "radius": 1.821182370185852
    },
    {
        "label": "apple",
        "point": [
            22.0,
            151.0
        ],
        "radius": 2.8285269737243652
    },
    {
        "label": "apple",
        "point": [
            177.5,
            147.5
        ],
        "radius": 1.581238865852356
    },
    {
        "label": "apple",
        "point": [
            128.0,
            148.0
        ],
        "radius": 2.2361679077148438
    },
    {
        "label": "apple",
        "point": [
            208.5,
            147.0
        ],
        "radius": 2.061652660369873
    },
    {
        "label": "apple",
        "point": [
            216.6999969482422,
            142.3000030517578
        ],
        "radius": 1.838581919670105
    },
    {
        "label": "apple",
        "point": [
            74.0,
            140.5
        ],
        "radius": 1.8028756380081177
    },
    {
        "label": "apple",
        "point": [
            24.34848403930664,
            137.56060791015625
        ],
        "radius": 3.69439959526062
    },
    {
        "label": "apple",
        "point": [
            2.5,
            133.0
        ],
        "radius": 5.2202534675598145
    },
    {
        "label": "apple",
        "point": [
            67.5,
            128.0
        ],
        "radius": 1.1181340217590332
    },
    {
        "label": "apple",
        "point": [
            100.64286041259766,
            129.0
        ],
        "radius": 4.794332504272461
    },
    {
        "label": "apple",
        "point": [
            233.5,
            125.0
        ],
        "radius": 3.201662063598633
    },
    {
        "label": "apple",
        "point": [
            32.5,
            123.0
        ],
        "radius": 2.5000998973846436
    },
    {
        "label": "apple",
        "point": [
            212.0,
            120.5
        ],
        "radius": 2.061652660369873
    },
    {
        "label": "apple",
        "point": [
            176.5,
            117.0
        ],
        "radius": 2.061652660369873
    },
    {
        "label": "apple",
        "point": [
            133.0,
            115.0
        ],
        "radius": 3.6056511402130127
    },
    {
        "label": "apple",
        "point": [
            43.5,
            117.5
        ],
        "radius": 6.670932292938232
    },
    {
        "label": "apple",
        "point": [
            206.5,
            113.0
        ],
        "radius": 2.061652660369873
    },
    {
        "label": "apple",
        "point": [
            190.5,
            115.0
        ],
        "radius": 4.717090606689453
    },
    {
        "label": "apple",
        "point": [
            101.40908813476562,
            113.68181610107422
        ],
        "radius": 3.605081081390381
    },
    {
        "label": "apple",
        "point": [
            226.5,
            109.5
        ],
        "radius": 1.581238865852356
    },
    {
        "label": "apple",
        "point": [
            112.72950744628906,
            102.5655746459961
        ],
        "radius": 4.981995105743408
    },
    {
        "label": "apple",
        "point": [
            29.5,
            99.0
        ],
        "radius": 1.1181340217590332
    },
    {
        "label": "apple",
        "point": [
            144.5,
            96.5
        ],
        "radius": 3.8079864978790283
    },
    {
        "label": "apple",
        "point": [
            127.5,
            97.5
        ],
        "radius": 5.700977325439453
    },
    {
        "label": "apple",
        "point": [
            45.0,
            93.0
        ],
        "radius": 2.2361679077148438
    },
    {
        "label": "apple",
        "point": [
            62.1315803527832,
            95.2368392944336
        ],
        "radius": 4.325023174285889
    },
    {
        "label": "apple",
        "point": [
            46.5,
            87.0
        ],
        "radius": 4.924529075622559
    },
    {
        "label": "apple",
        "point": [
            167.68182373046875,
            84.31818389892578
        ],
        "radius": 4.047850608825684
    },
    {
        "label": "apple",
        "point": [
            120.23332977294922,
            82.76667022705078
        ],
        "radius": 5.326976299285889
    },
    {
        "label": "apple",
        "point": [
            1.0,
            83.0
        ],
        "radius": 4.000100135803223
    },
    {
        "label": "apple",
        "point": [
            183.5,
            77.5
        ],
        "radius": 1.581238865852356
    },
    {
        "label": "apple",
        "point": [
            54.5,
            75.5
        ],
        "radius": 2.549609661102295
    },
    {
        "label": "apple",
        "point": [
            96.0,
            75.0
        ],
        "radius": 2.2361679077148438
    },
    {
        "label": "apple",
        "point": [
            81.19696807861328,
            75.07575988769531
        ],
        "radius": 4.332747459411621
    },
    {
        "label": "apple",
        "point": [
            156.0,
            71.5
        ],
        "radius": 4.272101879119873
    },
    {
        "label": "apple",
        "point": [
            193.0,
            70.5
        ],
        "radius": 4.031229019165039
    },
    {
        "label": "apple",
        "point": [
            60.0,
            69.0
        ],
        "radius": 3.0000998973846436
    },
    {
        "label": "apple",
        "point": [
            140.5,
            56.0
        ],
        "radius": 3.9052248001098633
    },
    {
        "label": "apple",
        "point": [
            65.92857360839844,
            54.5
        ],
        "radius": 5.369132995605469
    },
    {
        "label": "apple",
        "point": [
            127.5,
            48.5
        ],
        "radius": 3.5356338024139404
    },
    {
        "label": "apple",
        "point": [
            215.5,
            39.5
        ],
        "radius": 2.9155757427215576
    },
    {
        "label": "apple",
        "point": [
            21.5,
            39.0
        ],
        "radius": 1.8028756380081177
    },
    {
        "label": "apple",
        "point": [
            229.75,
            39.5
        ],
        "radius": 2.795184850692749
    },
    {
        "label": "apple",
        "point": [
            40.33333206176758,
            36.0
        ],
        "radius": 1.666767954826355
    },
    {
        "label": "apple",
        "point": [
            194.0,
            36.0
        ],
        "radius": 5.385264873504639
    },
    {
        "label": "apple",
        "point": [
            177.92857360839844,
            36.5
        ],
        "radius": 4.953968048095703
    },
    {
        "label": "apple",
        "point": [
            84.0,
            31.5
        ],
        "radius": 2.5000998973846436
    },
    {
        "label": "apple",
        "point": [
            236.63636779785156,
            31.545454025268555
        ],
        "radius": 3.6647589206695557
    },
    {
        "label": "apple",
        "point": [
            141.5,
            35.5
        ],
        "radius": 7.648629188537598
    },
    {
        "label": "apple",
        "point": [
            23.5,
            27.0
        ],
        "radius": 1.1181340217590332
    },
    {
        "label": "apple",
        "point": [
            88.0,
            27.0
        ],
        "radius": 2.2361679077148438
    },
    {
        "label": "apple",
        "point": [
            35.5,
            21.0
        ],
        "radius": 5.4084272384643555
    },
    {
        "label": "apple",
        "point": [
            152.92857360839844,
            20.64285659790039
        ],
        "radius": 4.764979362487793
    },
    {
        "label": "apple",
        "point": [
            228.0,
            16.5
        ],
        "radius": 3.201662063598633
    },
    {
        "label": "apple",
        "point": [
            237.5,
            4.0
        ],
        "radius": 4.272101879119873
    }
]