[
    {
        "label": "apple",
        "point": [
            230.5,
            177.0
        ],
        "radius": 3.5000998973846436
    },
    {
        "label": "apple",
        "point": [
            130.5,
            175.5
        ],
        "radius": 2.9155757427215576
    },
    {
        "label": "apple",
        "point": [
            133.0,
            168.5
        ],
        "radius": 1.8028756380081177
    },
    {
        "label": "apple",
        "point": [
            120.07746124267578,
            173.93661499023438
        ],
        "radius": 10.121001243591309
    },
    {
        "label": "apple",
        "point": [
            81.0,
            165.5
        ],
        "radius": 12.010512351989746
    },
    {
        "label": "apple",
        "point": [
            165.5,
            153.5
        ],
        "radius": 1.581238865852356
    },
    {
        "label": "apple",
        "point": [
            101.5,
            149.5
        ],
        "radius": 2.549609661102295
    },
    {
        "label": "apple",
        "point": [
            25.875,
            150.0
        ],
        "radius": 2.1250998973846436
    },
    {
        "label": "apple",
        "point": [
            21.0,
            140.5
        ],
        "radius": 1.1181340217590332
    },
    {
        "label": "apple",
        "point": [
            54.0,
            133.0
        ],
        "radius": 2.2361679077148438
    },
    {
        "label": "apple",
        "point": [
            84.5,
            133.5
        ],
        "radius": 15.572511672973633
    },
    {
        "label": "apple",
        "point": [
            64.31818389892578,
            126.68181610107422
        ],
        "radius": 4.047849655151367
    },
    {
        "label": "apple",
        "point": [
            45.43975830078125,
            135.23252868652344
        ],
        "radius": 17.825807571411133
    },
    {
        "label": "apple",
        "point": [
            145.0,
            101.5
        ],
        "radius": 1.1181340217590332
    },
    {
        "label": "apple",
        "point": [
            135.5,
            93.5
        ],
        "radius": 2.549609661102295
    },
    {
        "label": "apple",
        "point": [
            201.0,
            107.5
        ],
        "radius": 25.92788314819336
    },
    {
        "label": "apple",
        "point": [
            151.5,
            95.875
        ],
        "radius": 6.206195831298828
    },
    {
        "label": "apple",
        "point": [
            170.5,
            99.0
        ],
        "radius": 9.60478687286377
    },
    {
        "label": "apple",
        "point": [
            90.0,
            85.0
        ],
        "radius": 1.000100016593933
    },
    {
        "label": "apple",
        "point": [
            217.5,
            82.5
        ],
        "radius": 17.564268112182617
    },
    {
        "label": "apple",
        "point": [
            92.5,
            79.5
        ],
        "radius": 14.714038848876953
    },
    {
        "label": "apple",
        "point": [
            60.0,
            70.0
        ],
        "radius": 4.472236156463623
    },
    {
        "label": "apple",
        "point": [
            44.0,
            67.0
        ],
        "radius": 1.414313554763794
    },
    {
        "label": "apple",
        "point": [
            58.5,
            64.0
        ],
        "radius": 1.8028756380081177
    },
    {
        "label": "apple",
        "point": [
            109.5,
            66.5
        ],
        "radius": 4.743516445159912
    },
    {
        "label": "apple",
        "point": [
            52.0,
            37.5
        ],
        "radius": 12.093486785888672
    }
]