[
    {
        "label": "apple",
        "point": [
            59.0,
            135.5
        ],
        "radius": 7.159010887145996
    },
    {
        "label": "apple",
        "point": [
            193.0,
            129.60000610351562
        ],
        "radius": 2.6000943183898926
    },
    {
        "label": "apple",
        "point": [
            77.0,
            126.5
        ],
        "radius": 10.012592315673828
    },
    {
        "label": "apple",
        "point": [
            54.0,
            104.5
        ],
        "radius": 16.919023513793945
    },
    {
        "label": "apple",
        "point": [
            123.0,
            88.0
        ],
        "radius": 8.24631118774414
    },
    {
        "label": "apple",
        "point": [
            138.5,
            87.0
        ],
        "radius": 8.500100135803223
    }
]