[
    {
        "label": "apple",
        "point": [
            161.0,
            110.5
        ],
        "radius": 2.061652660369873
    },
    {
        "label": "apple",
        "point": [
            268.0,
            108.5
        ],
        "radius": 1.500100016593933
    },
    {
        "label": "apple",
        "point": [
            167.2142791748047,
            108.64286041259766
        ],
        "radius": 1.8211841583251953
    },
    {
        "label": "apple",
        "point": [
            174.8333282470703,
            104.83333587646484
        ],
        "radius": 2.1731722354888916
    },
    {
        "label": "apple",
        "point": [
            106.03845977783203,
            109.65384674072266
        ],
        "radius": 11.043990135192871
    },
    {
        "label": "apple",
        "point": [
            94.5,
            105.5
        ],
        "radius": 6.96429443359375
    },
    {
        "label": "apple",
        "point": [
            93.5,
            96.0
        ],
        "radius": 1.1181340217590332
    },
    {
        "label": "apple",
        "point": [
            188.0,
            79.0
        ],
        "radius": 1.000100016593933
    },
    {
        "label": "apple",
        "point": [
            152.0,
            73.0
        ],
        "radius": 36.674339294433594
    },
    {
        "label": "apple",
        "point": [
            135.0,
            57.0
        ],
        "radius": 6.708303928375244
    },
    {
        "label": "apple",
        "point": [
            170.5,
            48.0
        ],
        "radius": 2.6926822662353516
    }
]