[
    {
        "label": "apple",
        "point": [
            115.0,
            182.0
        ],
        "radius": 1.000100016593933
    },
    {
        "label": "apple",
        "point": [
            247.0,
            177.5
        ],
        "radius": 3.0414812564849854
    },
    {
        "label": "apple",
        "point": [
            131.0,
            171.0
        ],
        "radius": 5.385264873504639
    },
    {
        "label": "apple",
        "point": [
            114.64814758300781,
            173.03968811035156
        ],
        "radius": 8.710524559020996
    },
    {
        "label": "apple",
        "point": [
            71.5,
            165.5
        ],
        "radius": 13.58317756652832
    },
    {
        "label": "apple",
        "point": [
            173.0,
            153.5
        ],
        "radius": 3.3542017936706543
    },
    {
        "label": "apple",
        "point": [
            97.0,
            149.5
        ],
        "radius": 2.061652660369873
    },
    {
        "label": "apple",
        "point": [
            41.0,
            132.5
        ],
        "radius": 3.3542017936706543
    },
    {
        "label": "apple",
        "point": [
            76.5,
            132.0
        ],
        "radius": 16.77060890197754
    },
    {
        "label": "apple",
        "point": [
            52.5,
            126.0
        ],
        "radius": 4.609872341156006
    },
    {
        "label": "apple",
        "point": [
            20.5,
            134.0
        ],
        "radius": 22.27676773071289
    },
    {
        "label": "apple",
        "point": [
            230.0,
            95.0
        ],
        "radius": 1.000100016593933
    },
    {
        "label": "apple",
        "point": [
            134.0,
            93.0
        ],
        "radius": 2.2361679077148438
    },
    {
        "label": "apple",
        "point": [
            178.0,
            98.5
        ],
        "radius": 10.547611236572266
    },
    {
        "label": "apple",
        "point": [
            154.5,
            93.5
        ],
        "radius": 6.670932292938232
    },
    {
        "label": "apple",
        "point": [
            209.5,
            109.0
        ],
        "radius": 26.100866317749023
    },
    {
        "label": "apple",
        "point": [
            232.0,
            81.0
        ],
        "radius": 21.000099182128906
    },
    {
        "label": "apple",
        "point": [
            86.0625,
            80.5
        ],
        "radius": 16.13248634338379
    },
    {
        "label": "apple",
        "point": [
            51.0,
            69.0
        ],
        "radius": 1.414313554763794
    },
    {
        "label": "apple",
        "point": [
            45.0,
            63.5
        ],
        "radius": 2.061652660369873
    },
    {
        "label": "apple",
        "point": [
            37.5,
            63.0
        ],
        "radius": 1.500100016593933
    },
    {
        "label": "apple",
        "point": [
            104.0,
            64.0
        ],
        "radius": 5.000100135803223
    },
    {
        "label": "apple",
        "point": [
            39.0,
            37.0
        ],
        "radius": 15.03339672088623
    }
]