[
    {
        "label": "apple",
        "point": [
            234.5,
            162.5
        ],
        "radius": 3.5356338024139404
    },
    {
        "label": "apple",
        "point": [
            266.5,
            161.10000610351562
        ],
        "radius": 5.124545574188232
    },
    {
        "label": "apple",
        "point": [
            130.0,
            145.5
        ],
        "radius": 1.1181340217590332
    },
    {
        "label": "apple",
        "point": [
            185.0,
            145.5
        ],
        "radius": 4.031229019165039
    },
    {
        "label": "apple",
        "point": [
            183.0,
            139.0
        ],
        "radius": 1.414313554763794
    },
    {
        "label": "apple",
        "point": [
            143.5408172607422,
            141.7653045654297
        ],
        "radius": 4.795995235443115
    },
    {
        "label": "apple",
        "point": [
            178.0,
            116.0
        ],
        "radius": 2.2361679077148438
    },
    {
        "label": "apple",
        "point": [
            184.0,
            112.66666412353516
        ],
        "radius": 1.6667686700820923
    },
    {
        "label": "apple",
        "point": [
            230.5,
            99.5
        ],
        "radius": 1.581238865852356
    },
    {
        "label": "apple",
        "point": [
            161.5,
            90.5
        ],
        "radius": 1.581238865852356
    },
    {
        "label": "apple",
        "point": [
            102.13636016845703,
            93.18181610107422
        ],
        "radius": 5.0052642822265625
    },
    {
        "label": "apple",
        "point": [
            122.0,
            90.5
        ],
        "radius": 5.590270042419434
    },
    {
        "label": "apple",
        "point": [
            207.0,
            86.5
        ],
        "radius": 3.201662063598633
    },
    {
        "label": "apple",
        "point": [
            132.5,
            86.5
        ],
        "radius": 3.5356338024139404
    },
    {
        "label": "apple",
        "point": [
            158.0,
            85.0
        ],
        "radius": 2.8285269737243652
    },
    {
        "label": "apple",
        "point": [
            140.86363220214844,
            85.86363983154297
        ],
        "radius": 4.289721965789795
    },
    {
        "label": "apple",
        "point": [
            100.0,
            82.5
        ],
        "radius": 4.031229019165039
    },
    {
        "label": "apple",
        "point": [
            180.5,
            81.0
        ],
        "radius": 2.5000998973846436
    },
    {
        "label": "apple",
        "point": [
            94.0,
            78.0
        ],
        "radius": 3.6056511402130127
    },
    {
        "label": "apple",
        "point": [
            263.0,
            73.5
        ],
        "radius": 2.061652660369873
    },
    {
        "label": "apple",
        "point": [
            101.5,
            74.0
        ],
        "radius": 1.1181340217590332
    },
    {
        "label": "apple",
        "point": [
            151.5,
            74.0
        ],
        "radius": 2.061652660369873
    },
    {
        "label": "apple",
        "point": [
            141.5,
            73.5
        ],
        "radius": 1.581238865852356
    },
    {
        "label": "apple",
        "point": [
            145.0,
            68.5
        ],
        "radius": 1.8028756380081177
    },
    {
        "label": "apple",
        "point": [
            247.0,
            61.5
        ],
        "radius": 1.1181340217590332
    },
    {
        "label": "apple",
        "point": [
            51.5,
            41.0
        ],
        "radius": 1.1181340217590332
    },
    {
        "label": "apple",
        "point": [
            38.0,
            38.0
        ],
        "radius": 1.000100016593933
    },
    {
        "label": "apple",
        "point": [
            40.0,
            34.5
        ],
        "radius": 1.1181340217590332
    },
    {
        "label": "apple",
        "point": [
            130.5,
            15.0
        ],
        "radius": 1.500100016593933
    },
    {
        "label": "apple",
        "point": [
            117.0,
            15.0
        ],
        "radius": 1.000100016593933
    },
    {
        "label": "apple",
        "point": [
            98.64286041259766,
            17.785715103149414
        ],
        "radius": 5.414552211761475
    }
]