[
    {
        "label": "apple",
        "point": [
            185.5,
            168.0
        ],
        "radius": 1.1181340217590332
    },
    {
        "label": "apple",
        "point": [
            172.5,
            165.0
        ],
        "radius": 8.558721542358398
    },
    {
        "label": "apple",
        "point": [
            191.5,
            142.0
        ],
        "radius": 1.1181340217590332
    },
    {
        "label": "apple",
        "point": [
            183.0,
            129.0
        ],
        "radius": 1.000100016593933
    },
    {
        "label": "apple",
        "point": [
            122.5,
            139.5
        ],
        "radius": 15.4435453414917
    },
    {
        "label": "apple",
        "point": [
            223.0,
            124.0
        ],
        "radius": 2.2361679077148438
    },
    {
        "label": "apple",
        "point": [
            178.5,
            117.5
        ],
        "radius": 2.9155757427215576
    },
    {
        "label": "apple",
        "point": [
            215.0,
            114.0
        ],
        "radius": 1.000100016593933
    },
    {
        "label": "apple",
        "point": [
            83.83333587646484,
            112.83333587646484
        ],
        "radius": 1.1786084175109863
    },
    {
        "label": "apple",
        "point": [
            172.5,
            111.0
        ],
        "radius": 2.061652660369873
    },
    {
        "label": "apple",
        "point": [
            157.5,
            110.5
        ],
        "radius": 4.527792930603027
    },
    {
        "label": "apple",
        "point": [
            201.0,
            109.5
        ],
        "radius": 6.18475866317749
    },
    {
        "label": "apple",
        "point": [
            113.91666412353516,
            116.5
        ],
        "radius": 12.176183700561523
    },
    {
        "label": "apple",
        "point": [
            72.31818389892578,
            109.95454406738281
        ],
        "radius": 4.778233528137207
    },
    {
        "label": "apple",
        "point": [
            81.0,
            106.0
        ],
        "radius": 1.414313554763794
    },
    {
        "label": "apple",
        "point": [
            114.5,
            105.5
        ],
        "radius": 2.12142014503479
    },
    {
        "label": "apple",
        "point": [
            91.97706604003906,
            109.72018432617188
        ],
        "radius": 9.18554401397705
    },
    {
        "label": "apple",
        "point": [
            165.0,
            94.5
        ],
        "radius": 1.500100016593933
    },
    {
        "label": "apple",
        "point": [
            151.98387145996094,
            100.01612854003906
        ],
        "radius": 11.684133529663086
    },
    {
        "label": "apple",
        "point": [
            57.5,
            99.0
        ],
        "radius": 12.298474311828613
    },
    {
        "label": "apple",
        "point": [
            69.0,
            70.5
        ],
        "radius": 1.1181340217590332
    },
    {
        "label": "apple",
        "point": [
            80.5,
            57.0
        ],
        "radius": 4.272101879119873
    },
    {
        "label": "apple",
        "point": [
            123.5,
            50.0
        ],
        "radius": 1.1181340217590332
    },
    {
        "label": "apple",
        "point": [
            67.77536010742188,
            57.213768005371094
        ],
        "radius": 10.889289855957031
    },
    {
        "label": "apple",
        "point": [
            136.0,
            36.0
        ],
        "radius": 2.2361679077148438
    },
    {
        "label": "apple",
        "point": [
            128.0,
            35.0
        ],
        "radius": 4.000100135803223
    }
]