[
    {
        "label": "apple",
        "point": [
            66.0,
            113.5
        ],
        "radius": 1.1181340217590332
    },
    {
        "label": "apple",
        "point": [
            140.0,
            110.0
        ],
        "radius": 2.0000998973846436
    },
    {
        "label": "apple",
        "point": [
            230.5,
            86.0
        ],
        "radius": 4.609872341156006
    },
    {
        "label": "apple",
        "point": [
            241.0,
            75.0
        ],
        "radius": 1.000100016593933
    },
    {
        "label": "apple",
        "point": [
            235.89999389648438,
            70.5
        ],
        "radius": 5.1245574951171875
    },
    {
        "label": "apple",
        "point": [
            198.0,
            51.5
        ],
        "radius": 1.1181340217590332
    }
]