[
    {
        "label": "apple",
        "point": [
            70.0,
            140.5
        ],
        "radius": 5.590270042419434
    },
    {
        "label": "apple",
        "point": [
            83.5,
            130.5
        ],
        "radius": 1.581238865852356
    },
    {
        "label": "apple",
        "point": [
            70.5,
            114.5
        ],
        "radius": 2.549609661102295
    },
    {
        "label": "apple",
        "point": [
            40.5,
            90.0
        ],
        "radius": 14.8071928024292
    },
    {
        "label": "apple",
        "point": [
            90.57499694824219,
            72.05000305175781
        ],
        "radius": 3.9917359352111816
    },
    {
        "label": "apple",
        "point": [
            258.5,
            58.0
        ],
        "radius": 1.1181340217590332
    },
    {
        "label": "apple",
        "point": [
            262.0,
            56.5
        ],
        "radius": 1.1181340217590332
    },
    {
        "label": "apple",
        "point": [
            80.5243911743164,
            57.378047943115234
        ],
        "radius": 5.646453380584717
    },
    {
        "label": "apple",
        "point": [
            73.0,
            54.0
        ],
        "radius": 1.414313554763794
    },
    {
        "label": "apple",
        "point": [
            133.0,
            43.5
        ],
        "radius": 2.5000998973846436
    },
    {
        "label": "apple",
        "point": [
            2.5,
            39.0
        ],
        "radius": 5.590270042419434
    },
    {
        "label": "apple",
        "point": [
            71.0,
            16.5
        ],
        "radius": 3.3542017936706543
    },
    {
        "label": "apple",
        "point": [
            50.0,
            13.5
        ],
        "radius": 1.1181340217590332
    },
    {
        "label": "apple",
        "point": [
            49.0,
            9.0
        ],
        "radius": 1.000100016593933
    },
    {
        "label": "apple",
        "point": [
            72.5,
            10.0
        ],
        "radius": 4.609872341156006
    },
    {
        "label": "apple",
        "point": [
            37.5,
            0.5
        ],
        "radius": 8.514793395996094
    },
    {
        "label": "apple",
        "point": [
            12.5,
            2.0
        ],
        "radius": 4.924529075622559
    }
]