[
    {
        "label": "apple",
        "point": [
            234.5,
            145.5
        ],
        "radius": 1.581238865852356
    },
    {
        "label": "apple",
        "point": [
            264.53448486328125,
            149.5775909423828
        ],
        "radius": 7.024590492248535
    },
    {
        "label": "apple",
        "point": [
            243.74000549316406,
            138.3000030517578
        ],
        "radius": 6.343405723571777
    },
    {
        "label": "apple",
        "point": [
            130.30795288085938,
            136.40066528320312
        ],
        "radius": 7.715460777282715
    },
    {
        "label": "apple",
        "point": [
            112.75926208496094,
            121.24073791503906
        ],
        "radius": 10.483116149902344
    },
    {
        "label": "apple",
        "point": [
            262.5,
            109.5
        ],
        "radius": 9.300638198852539
    },
    {
        "label": "apple",
        "point": [
            63.29999923706055,
            104.69999694824219
        ],
        "radius": 5.4204301834106445
    },
    {
        "label": "apple",
        "point": [
            256.0,
            101.0
        ],
        "radius": 3.6056511402130127
    },
    {
        "label": "apple",
        "point": [
            183.85385131835938,
            99.14615631103516
        ],
        "radius": 23.225008010864258
    },
    {
        "label": "apple",
        "point": [
            116.0,
            91.5
        ],
        "radius": 19.52572250366211
    },
    {
        "label": "apple",
        "point": [
            245.5,
            77.0
        ],
        "radius": 2.061652660369873
    },
    {
        "label": "apple",
        "point": [
            237.0,
            77.6875
        ],
        "radius": 4.7537994384765625
    },
    {
        "label": "apple",
        "point": [
            163.5,
            65.5
        ],
        "radius": 7.905794143676758
    },
    {
        "label": "apple",
        "point": [
            51.0,
            54.0
        ],
        "radius": 4.123205661773682
    },
    {
        "label": "apple",
        "point": [
            202.5,
            49.5
        ],
        "radius": 1.581238865852356
    },
    {
        "label": "apple",
        "point": [
            67.4206314086914,
            57.19841384887695
        ],
        "radius": 9.82849407196045
    },
    {
        "label": "apple",
        "point": [
            160.0,
            45.0
        ],
        "radius": 3.1623775959014893
    },
    {
        "label": "apple",
        "point": [
            143.55555725097656,
            50.44444274902344
        ],
        "radius": 8.822769165039062
    },
    {
        "label": "apple",
        "point": [
            105.125,
            41.875
        ],
        "radius": 3.0053036212921143
    },
    {
        "label": "apple",
        "point": [
            105.5,
            34.5
        ],
        "radius": 2.549609661102295
    },
    {
        "label": "apple",
        "point": [
            53.5,
            28.27777862548828
        ],
        "radius": 5.8400444984436035
    },
    {
        "label": "apple",
        "point": [
            102.5,
            18.5
        ],
        "radius": 4.743516445159912
    },
    {
        "label": "apple",
        "point": [
            5.0,
            15.0
        ],
        "radius": 1.414313554763794
    },
    {
        "label": "apple",
        "point": [
            132.5,
            21.0
        ],
        "radius": 10.547611236572266
    },
    {
        "label": "apple",
        "point": [
            258.1666564941406,
            2.5
        ],
        "radius": 3.2060062885284424
    },
    {
        "label": "apple",
        "point": [
            189.0,
            0.5
        ],
        "radius": 4.031229019165039
    },
    {
        "label": "apple",
        "point": [
            177.5,
            1.0
        ],
        "radius": 1.8028756380081177
    },
    {
        "label": "apple",
        "point": [
            21.5,
            3.5
        ],
        "radius": 5.700977325439453
    }
]