[
    {
        "label": "apple",
        "point": [
            158.0,
            172.5
        ],
        "radius": 10.111974716186523
    },
    {
        "label": "apple",
        "point": [
            160.5,
            164.0
        ],
        "radius": 1.8028756380081177
    },
    {
        "label": "apple",
        "point": [
            89.0,
            153.5
        ],
        "radius": 4.031229019165039
    },
    {
        "label": "apple",
        "point": [
            85.0,
            125.5
        ],
        "radius": 12.257750511169434
    },
    {
        "label": "apple",
        "point": [
            78.42857360839844,
            112.71428680419922
        ],
        "radius": 3.6422548294067383
    },
    {
        "label": "apple",
        "point": [
            73.0,
            109.5
        ],
        "radius": 1.1181340217590332
    },
    {
        "label": "apple",
        "point": [
            165.0,
            115.5
        ],
        "radius": 20.056270599365234
    },
    {
        "label": "apple",
        "point": [
            85.0,
            96.5
        ],
        "radius": 2.061652660369873
    },
    {
        "label": "apple",
        "point": [
            93.0,
            90.0
        ],
        "radius": 4.123205661773682
    },
    {
        "label": "apple",
        "point": [
            123.5,
            87.5
        ],
        "radius": 19.039531707763672
    },
    {
        "label": "apple",
        "point": [
            206.5,
            61.5
        ],
        "radius": 10.511998176574707
    },
    {
        "label": "apple",
        "point": [
            51.59090805053711,
            63.5
        ],
        "radius": 16.778308868408203
    },
    {
        "label": "apple",
        "point": [
            21.5,
            35.0
        ],
        "radius": 20.52447509765625
    }
]