[
    {
        "label": "apple",
        "point": [
            161.8333282470703,
            175.8333282470703
        ],
        "radius": 3.374849319458008
    },
    {
        "label": "apple",
        "point": [
            64.5,
            151.5
        ],
        "radius": 3.5356338024139404
    },
    {
        "label": "apple",
        "point": [
            124.0,
            124.0
        ],
        "radius": 4.472236156463623
    },
    {
        "label": "apple",
        "point": [
            171.5,
            111.5
        ],
        "radius": 6.041623115539551
    },
    {
        "label": "apple",
        "point": [
            195.5,
            104.0
        ],
        "radius": 1.1181340217590332
    },
    {
        "label": "apple",
        "point": [
            73.0,
            109.0
        ],
        "radius": 7.211202621459961
    },
    {
        "label": "apple",
        "point": [
            97.75,
            95.375
        ],
        "radius": 7.87113094329834
    },
    {
        "label": "apple",
        "point": [
            127.04838562011719,
            88.24193572998047
        ],
        "radius": 8.143745422363281
    },
    {
        "label": "apple",
        "point": [
            161.6764678955078,
            77.67646789550781
        ],
        "radius": 6.275915622711182
    },
    {
        "label": "apple",
        "point": [
            51.0,
            75.0
        ],
        "radius": 7.280210018157959
    },
    {
        "label": "apple",
        "point": [
            213.0,
            13.25
        ],
        "radius": 2.0156643390655518
    },
    {
        "label": "apple",
        "point": [
            268.0,
            4.5
        ],
        "radius": 1.500100016593933
    },
    {
        "label": "apple",
        "point": [
            259.0,
            0.5
        ],
        "radius": 2.061652660369873
    }
]