[
    {
        "label": "apple",
        "point": [
            248.5,
            181.0
        ],
        "radius": 6.265082359313965
    },
    {
        "label": "apple",
        "point": [
            76.5,
            125.5
        ],
        "radius": 1.581238865852356
    },
    {
        "label": "apple",
        "point": [
            46.0,
            122.5
        ],
        "radius": 1.1181340217590332
    },
    {
        "label": "apple",
        "point": [
            60.0,
            84.0
        ],
        "radius": 1.414313554763794
    },
    {
        "label": "apple",
        "point": [
            46.5,
            85.0
        ],
        "radius": 5.852449893951416
    },
    {
        "label": "apple",
        "point": [
            9.5,
            32.0
        ],
        "radius": 1.1181340217590332
    }
]