[
    {
        "label": "apple",
        "point": [
            188.5,
            145.0
        ],
        "radius": 1.8028756380081177
    },
    {
        "label": "apple",
        "point": [
            194.0,
            143.5
        ],
        "radius": 1.1181340217590332
    },
    {
        "label": "apple",
        "point": [
            171.0,
            134.5
        ],
        "radius": 1.8028756380081177
    },
    {
        "label": "apple",
        "point": [
            193.14706420898438,
            135.2058868408203
        ],
        "radius": 21.39702606201172
    },
    {
        "label": "apple",
        "point": [
            105.12311553955078,
            129.3216094970703
        ],
        "radius": 38.300262451171875
    },
    {
        "label": "apple",
        "point": [
            243.5,
            85.0
        ],
        "radius": 4.031229019165039
    },
    {
        "label": "apple",
        "point": [
            74.5,
            61.5
        ],
        "radius": 6.041623115539551
    },
    {
        "label": "apple",
        "point": [
            66.0,
            61.0
        ],
        "radius": 2.2361679077148438
    },
    {
        "label": "apple",
        "point": [
            228.0,
            54.5
        ],
        "radius": 1.1181340217590332
    },
    {
        "label": "apple",
        "point": [
            69.5,
            51.5
        ],
        "radius": 6.670932292938232
    },
    {
        "label": "apple",
        "point": [
            7.5,
            32.0
        ],
        "radius": 1.8028756380081177
    },
    {
        "label": "apple",
        "point": [
            152.64779663085938,
            71.43473815917969
        ],
        "radius": 43.32219696044922
    },
    {
        "label": "apple",
        "point": [
            234.8000030517578,
            31.799999237060547
        ],
        "radius": 3.8833963871002197
    },
    {
        "label": "apple",
        "point": [
            178.0,
            35.5
        ],
        "radius": 14.151071548461914
    },
    {
        "label": "apple",
        "point": [
            179.0,
            26.95833396911621
        ],
        "radius": 6.041767597198486
    },
    {
        "label": "apple",
        "point": [
            96.0,
            15.0
        ],
        "radius": 1.000100016593933
    },
    {
        "label": "apple",
        "point": [
            138.5,
            6.5
        ],
        "radius": 8.860122680664062
    },
    {
        "label": "apple",
        "point": [
            94.5,
            7.5
        ],
        "radius": 12.90358829498291
    }
]