[
    {
        "label": "apple",
        "point": [
            0.5,
            178.5
        ],
        "radius": 2.549609661102295
    },
    {
        "label": "apple",
        "point": [
            6.0,
            175.5
        ],
        "radius": 1.1181340217590332
    },
    {
        "label": "apple",
        "point": [
            258.5,
            173.5
        ],
        "radius": 2.9155757427215576
    },
    {
        "label": "apple",
        "point": [
            195.0,
            162.5
        ],
        "radius": 4.031229019165039
    },
    {
        "label": "apple",
        "point": [
            202.0,
            154.0
        ],
        "radius": 2.0000998973846436
    },
    {
        "label": "apple",
        "point": [
            106.0,
            155.5
        ],
        "radius": 3.3542017936706543
    },
    {
        "label": "apple",
        "point": [
            88.0,
            151.0
        ],
        "radius": 21.260391235351562
    },
    {
        "label": "apple",
        "point": [
            99.0,
            113.5
        ],
        "radius": 1.500100016593933
    },
    {
        "label": "apple",
        "point": [
            133.0,
            110.5
        ],
        "radius": 1.1181340217590332
    },
    {
        "label": "apple",
        "point": [
            265.5,
            103.5
        ],
        "radius": 3.5356338024139404
    },
    {
        "label": "apple",
        "point": [
            144.5,
            98.0
        ],
        "radius": 2.5000998973846436
    },
    {
        "label": "apple",
        "point": [
            82.24603271484375,
            113.24603271484375
        ],
        "radius": 22.279573440551758
    },
    {
        "label": "apple",
        "point": [
            159.5,
            91.5
        ],
        "radius": 2.549609661102295
    },
    {
        "label": "apple",
        "point": [
            129.4193572998047,
            95.79838562011719
        ],
        "radius": 13.637348175048828
    },
    {
        "label": "apple",
        "point": [
            206.5,
            64.0
        ],
        "radius": 1.1181340217590332
    },
    {
        "label": "apple",
        "point": [
            44.712764739990234,
            71.60638427734375
        ],
        "radius": 21.03459930419922
    },
    {
        "label": "apple",
        "point": [
            156.0,
            55.0
        ],
        "radius": 3.6056511402130127
    },
    {
        "label": "apple",
        "point": [
            163.0,
            43.5
        ],
        "radius": 1.8028756380081177
    },
    {
        "label": "apple",
        "point": [
            145.0,
            42.0
        ],
        "radius": 1.414313554763794
    },
    {
        "label": "apple",
        "point": [
            134.94329833984375,
            45.211341857910156
        ],
        "radius": 10.449115753173828
    },
    {
        "label": "apple",
        "point": [
            145.5,
            35.0
        ],
        "radius": 1.500100016593933
    },
    {
        "label": "apple",
        "point": [
            104.5,
            37.0
        ],
        "radius": 19.602394104003906
    }
]