[
    {
        "label": "apple",
        "point": [
            104.78571319580078,
            173.35714721679688
        ],
        "radius": 3.2341699600219727
    },
    {
        "label": "apple",
        "point": [
            102.90593719482422,
            168.21287536621094
        ],
        "radius": 13.232779502868652
    },
    {
        "label": "apple",
        "point": [
            78.375,
            144.5625
        ],
        "radius": 3.668482542037964
    },
    {
        "label": "apple",
        "point": [
            96.0,
            138.0
        ],
        "radius": 2.0000998973846436
    },
    {
        "label": "apple",
        "point": [
            113.0,
            135.5
        ],
        "radius": 2.061652660369873
    },
    {
        "label": "apple",
        "point": [
            69.26744079589844,
            137.8488311767578
        ],
        "radius": 6.100148677825928
    },
    {
        "label": "apple",
        "point": [
            134.8333282470703,
            134.1666717529297
        ],
        "radius": 3.374849319458008
    },
    {
        "label": "apple",
        "point": [
            97.0,
            129.0
        ],
        "radius": 1.000100016593933
    },
    {
        "label": "apple",
        "point": [
            54.681819915771484,
            108.04545593261719
        ],
        "radius": 11.082995414733887
    },
    {
        "label": "apple",
        "point": [
            22.0256404876709,
            115.73076629638672
        ],
        "radius": 15.028149604797363
    },
    {
        "label": "apple",
        "point": [
            88.83333587646484,
            92.16666412353516
        ],
        "radius": 5.892652988433838
    },
    {
        "label": "apple",
        "point": [
            148.5,
            82.0
        ],
        "radius": 2.5000998973846436
    },
    {
        "label": "apple",
        "point": [
            75.5,
            81.5
        ],
        "radius": 5.700977325439453
    },
    {
        "label": "apple",
        "point": [
            113.93902587890625,
            90.3780517578125
        ],
        "radius": 18.012300491333008
    },
    {
        "label": "apple",
        "point": [
            137.0,
            80.0
        ],
        "radius": 6.324655532836914
    },
    {
        "label": "apple",
        "point": [
            153.7857208251953,
            74.64286041259766
        ],
        "radius": 9.806900024414062
    },
    {
        "label": "apple",
        "point": [
            110.0,
            62.0
        ],
        "radius": 2.2361679077148438
    },
    {
        "label": "apple",
        "point": [
            208.0,
            51.5
        ],
        "radius": 3.0414812564849854
    },
    {
        "label": "apple",
        "point": [
            113.5,
            51.5
        ],
        "radius": 3.5356338024139404
    },
    {
        "label": "apple",
        "point": [
            107.0,
            48.5
        ],
        "radius": 1.1181340217590332
    },
    {
        "label": "apple",
        "point": [
            178.0,
            44.5
        ],
        "radius": 6.500100135803223
    },
    {
        "label": "apple",
        "point": [
            243.0,
            38.0
        ],
        "radius": 2.2361679077148438
    },
    {
        "label": "apple",
        "point": [
            261.5,
            33.0
        ],
        "radius": 1.1181340217590332
    },
    {
        "label": "apple",
        "point": [
            201.5,
            32.5
        ],
        "radius": 1.581238865852356
    },
    {
        "label": "apple",
        "point": [
            231.0,
            32.0
        ],
        "radius": 2.2361679077148438
    },
    {
        "label": "apple",
        "point": [
            196.5,
            32.5
        ],
        "radius": 2.12142014503479
    },
    {
        "label": "apple",
        "point": [
            222.5,
            28.5
        ],
        "radius": 2.549609661102295
    },
    {
        "label": "apple",
        "point": [
            163.0,
            29.5
        ],
        "radius": 8.90234661102295
    },
    {
        "label": "apple",
        "point": [
            177.5,
            14.5
        ],
        "radius": 1.581238865852356
    },
    {
        "label": "apple",
        "point": [
            54.5,
            4.0
        ],
        "radius": 6.800835609436035
    },
    {
        "label": "apple",
        "point": [
            39.125953674316406,
            6.484732627868652
        ],
        "radius": 8.266125679016113
    }
]