[
    {
        "label": "apple",
        "point": [
            152.2142791748047,
            175.7857208251953
        ],
        "radius": 8.303661346435547
    },
    {
        "label": "apple",
        "point": [
            88.0,
            162.0
        ],
        "radius": 3.1623775959014893
    },
    {
        "label": "apple",
        "point": [
            140.87013244628906,
            161.7337646484375
        ],
        "radius": 8.343192100524902
    },
    {
        "label": "apple",
        "point": [
            132.5,
            153.0
        ],
        "radius": 1.8028756380081177
    },
    {
        "label": "apple",
        "point": [
            158.5,
            149.5
        ],
        "radius": 13.285429954528809
    },
    {
        "label": "apple",
        "point": [
            123.5,
            92.5
        ],
        "radius": 7.106435298919678
    },
    {
        "label": "apple",
        "point": [
            58.0,
            88.5
        ],
        "radius": 2.6926822662353516
    },
    {
        "label": "apple",
        "point": [
            145.0,
            96.0
        ],
        "radius": 13.601571083068848
    },
    {
        "label": "apple",
        "point": [
            119.5,
            77.5
        ],
        "radius": 5.147915363311768
    },
    {
        "label": "apple",
        "point": [
            126.0,
            48.0
        ],
        "radius": 7.280210018157959
    },
    {
        "label": "apple",
        "point": [
            155.5,
            31.0
        ],
        "radius": 1.8028756380081177
    },
    {
        "label": "apple",
        "point": [
            91.0,
            34.0
        ],
        "radius": 5.385264873504639
    }
]