[
    {
        "label": "apple",
        "point": [
            104.85713958740234,
            157.9642791748047
        ],
        "radius": 29.009096145629883
    },
    {
        "label": "apple",
        "point": [
            87.5,
            137.0
        ],
        "radius": 1.1181340217590332
    },
    {
        "label": "apple",
        "point": [
            127.0,
            136.5
        ],
        "radius": 5.2202534675598145
    },
    {
        "label": "apple",
        "point": [
            146.5,
            84.5
        ],
        "radius": 2.9155757427215576
    },
    {
        "label": "apple",
        "point": [
            152.0,
            83.0
        ],
        "radius": 3.1623775959014893
    },
    {
        "label": "apple",
        "point": [
            148.5,
            78.5
        ],
        "radius": 1.581238865852356
    },
    {
        "label": "apple",
        "point": [
            28.0,
            85.5
        ],
        "radius": 22.655120849609375
    },
    {
        "label": "apple",
        "point": [
            162.0,
            73.5
        ],
        "radius": 1.1181340217590332
    },
    {
        "label": "apple",
        "point": [
            237.5,
            96.0
        ],
        "radius": 35.41549301147461
    },
    {
        "label": "apple",
        "point": [
            50.5,
            72.0
        ],
        "radius": 1.1181340217590332
    },
    {
        "label": "apple",
        "point": [
            176.0853729248047,
            79.91463470458984
        ],
        "radius": 15.119620323181152
    },
    {
        "label": "apple",
        "point": [
            263.0,
            60.0
        ],
        "radius": 1.000100016593933
    },
    {
        "label": "apple",
        "point": [
            260.5,
            64.0
        ],
        "radius": 8.077847480773926
    },
    {
        "label": "apple",
        "point": [
            118.5,
            35.5
        ],
        "radius": 1.581238865852356
    },
    {
        "label": "apple",
        "point": [
            111.0,
            36.5
        ],
        "radius": 4.031229019165039
    }
]