[
    {
        "label": "apple",
        "point": [
            217.5,
            118.5
        ],
        "radius": 1.581238865852356
    },
    {
        "label": "apple",
        "point": [
            111.61111450195312,
            117.27777862548828
        ],
        "radius": 3.6218760013580322
    },
    {
        "label": "apple",
        "point": [
            187.0,
            111.5
        ],
        "radius": 6.946321964263916
    },
    {
        "label": "apple",
        "point": [
            157.5,
            109.5
        ],
        "radius": 7.905794143676758
    },
    {
        "label": "apple",
        "point": [
            77.5,
            100.0
        ],
        "radius": 1.500100016593933
    },
    {
        "label": "apple",
        "point": [
            230.0,
            100.5
        ],
        "radius": 1.8028756380081177
    },
    {
        "label": "apple",
        "point": [
            223.0,
            100.0
        ],
        "radius": 5.385264873504639
    },
    {
        "label": "apple",
        "point": [
            181.5,
            97.0
        ],
        "radius": 1.1181340217590332
    },
    {
        "label": "apple",
        "point": [
            99.0,
            97.5
        ],
        "radius": 7.826338291168213
    },
    {
        "label": "apple",
        "point": [
            137.61111450195312,
            95.5
        ],
        "radius": 4.638236999511719
    },
    {
        "label": "apple",
        "point": [
            128.5,
            93.0
        ],
        "radius": 5.4084272384643555
    },
    {
        "label": "apple",
        "point": [
            228.0,
            84.5
        ],
        "radius": 1.8028756380081177
    },
    {
        "label": "apple",
        "point": [
            54.5,
            86.5
        ],
        "radius": 3.5356338024139404
    },
    {
        "label": "apple",
        "point": [
            188.5,
            81.0
        ],
        "radius": 5.2202534675598145
    },
    {
        "label": "apple",
        "point": [
            193.5,
            70.83333587646484
        ],
        "radius": 1.900390863418579
    },
    {
        "label": "apple",
        "point": [
            210.0,
            68.0
        ],
        "radius": 3.1623775959014893
    },
    {
        "label": "apple",
        "point": [
            199.5,
            66.0
        ],
        "radius": 2.5000998973846436
    },
    {
        "label": "apple",
        "point": [
            137.5,
            50.0
        ],
        "radius": 1.1181340217590332
    },
    {
        "label": "apple",
        "point": [
            65.5,
            47.0
        ],
        "radius": 2.5000998973846436
    },
    {
        "label": "apple",
        "point": [
            232.6999969482422,
            45.29999923706055
        ],
        "radius": 1.838577151298523
    },
    {
        "label": "apple",
        "point": [
            135.3333282470703,
            45.0
        ],
        "radius": 1.6667717695236206
    },
    {
        "label": "apple",
        "point": [
            215.0,
            45.0
        ],
        "radius": 9.219644546508789
    },
    {
        "label": "apple",
        "point": [
            188.5,
            37.5
        ],
        "radius": 5.700977325439453
    },
    {
        "label": "apple",
        "point": [
            209.5,
            29.0
        ],
        "radius": 9.013978004455566
    }
]