[
    {
        "label": "apple",
        "point": [
            134.0,
            138.0
        ],
        "radius": 1.000100016593933
    },
    {
        "label": "apple",
        "point": [
            112.5,
            123.5
        ],
        "radius": 1.581238865852356
    },
    {
        "label": "apple",
        "point": [
            84.0,
            121.0
        ],
        "radius": 2.2361679077148438
    },
    {
        "label": "apple",
        "point": [
            137.5,
            130.0
        ],
        "radius": 29.887388229370117
    },
    {
        "label": "apple",
        "point": [
            83.0,
            108.0
        ],
        "radius": 1.000100016593933
    },
    {
        "label": "apple",
        "point": [
            178.0,
            106.0
        ],
        "radius": 4.123205661773682
    },
    {
        "label": "apple",
        "point": [
            60.5,
            91.0
        ],
        "radius": 1.500100016593933
    },
    {
        "label": "apple",
        "point": [
            25.5,
            85.0
        ],
        "radius": 1.1181340217590332
    },
    {
        "label": "apple",
        "point": [
            103.0,
            104.5
        ],
        "radius": 38.278682708740234
    }
]