[
    {
        "label": "apple",
        "point": [
            168.5,
            150.0
        ],
        "radius": 6.020897388458252
    },
    {
        "label": "apple",
        "point": [
            169.5,
            137.5
        ],
        "radius": 4.743516445159912
    },
    {
        "label": "apple",
        "point": [
            168.5,
            124.0
        ],
        "radius": 4.031229019165039
    },
    {
        "label": "apple",
        "point": [
            257.5799865722656,
            123.78800201416016
        ],
        "radius": 13.00031566619873
    },
    {
        "label": "apple",
        "point": [
            158.5,
            112.5
        ],
        "radius": 5.147915363311768
    },
    {
        "label": "apple",
        "point": [
            234.5,
            102.0
        ],
        "radius": 5.2202534675598145
    },
    {
        "label": "apple",
        "point": [
            260.0,
            91.0
        ],
        "radius": 1.000100016593933
    },
    {
        "label": "apple",
        "point": [
            160.0,
            91.5
        ],
        "radius": 5.590270042419434
    },
    {
        "label": "apple",
        "point": [
            232.5,
            87.0
        ],
        "radius": 5.590270042419434
    },
    {
        "label": "apple",
        "point": [
            259.5,
            80.5
        ],
        "radius": 1.581238865852356
    },
    {
        "label": "apple",
        "point": [
            253.5,
            90.0
        ],
        "radius": 12.093486785888672
    },
    {
        "label": "apple",
        "point": [
            11.5,
            75.5
        ],
        "radius": 1.581238865852356
    },
    {
        "label": "apple",
        "point": [
            1.75,
            75.75
        ],
        "radius": 1.7678669691085815
    },
    {
        "label": "apple",
        "point": [
            238.0,
            73.0
        ],
        "radius": 4.472236156463623
    },
    {
        "label": "apple",
        "point": [
            257.5,
            67.0
        ],
        "radius": 2.061652660369873
    },
    {
        "label": "apple",
        "point": [
            10.772727012634277,
            66.2272720336914
        ],
        "radius": 3.92132830619812
    },
    {
        "label": "apple",
        "point": [
            201.375,
            64.0
        ],
        "radius": 2.577040910720825
    },
    {
        "label": "apple",
        "point": [
            194.0,
            65.0
        ],
        "radius": 3.1623775959014893
    },
    {
        "label": "apple",
        "point": [
            225.09091186523438,
            60.181819915771484
        ],
        "radius": 3.02205491065979
    },
    {
        "label": "apple",
        "point": [
            36.0,
            60.0
        ],
        "radius": 3.6056511402130127
    },
    {
        "label": "apple",
        "point": [
            29.5,
            60.5
        ],
        "radius": 2.9155757427215576
    },
    {
        "label": "apple",
        "point": [
            268.5,
            56.5
        ],
        "radius": 1.581238865852356
    },
    {
        "label": "apple",
        "point": [
            222.0,
            54.0
        ],
        "radius": 1.414313554763794
    },
    {
        "label": "apple",
        "point": [
            254.0,
            53.0
        ],
        "radius": 1.414313554763794
    },
    {
        "label": "apple",
        "point": [
            19.5,
            52.0
        ],
        "radius": 2.061652660369873
    },
    {
        "label": "apple",
        "point": [
            162.0454559326172,
            71.3484878540039
        ],
        "radius": 22.441991806030273
    },
    {
        "label": "apple",
        "point": [
            225.0,
            47.0
        ],
        "radius": 4.472236156463623
    },
    {
        "label": "apple",
        "point": [
            266.8043518066406,
            46.9782600402832
        ],
        "radius": 2.9847779273986816
    },
    {
        "label": "apple",
        "point": [
            190.0,
            45.0
        ],
        "radius": 9.219644546508789
    },
    {
        "label": "apple",
        "point": [
            263.5,
            41.5
        ],
        "radius": 6.5193023681640625
    },
    {
        "label": "apple",
        "point": [
            237.0,
            39.0
        ],
        "radius": 3.1623775959014893
    },
    {
        "label": "apple",
        "point": [
            212.5,
            42.5
        ],
        "radius": 9.192488670349121
    },
    {
        "label": "apple",
        "point": [
            53.5,
            38.5
        ],
        "radius": 7.7782745361328125
    },
    {
        "label": "apple",
        "point": [
            244.5,
            20.5
        ],
        "radius": 1.581238865852356
    },
    {
        "label": "apple",
        "point": [
            56.0,
            17.0
        ],
        "radius": 1.414313554763794
    },
    {
        "label": "apple",
        "point": [
            201.0,
            17.200000762939453
        ],
        "radius": 2.9733142852783203
    },
    {
        "label": "apple",
        "point": [
            132.0,
            14.5
        ],
        "radius": 2.6926822662353516
    },
    {
        "label": "apple",
        "point": [
            97.25,
            12.5
        ],
        "radius": 4.5070390701293945
    },
    {
        "label": "apple",
        "point": [
            261.0652160644531,
            7.717391490936279
        ],
        "radius": 5.225186347961426
    },
    {
        "label": "apple",
        "point": [
            167.5,
            7.5
        ],
        "radius": 3.8079864978790283
    },
    {
        "label": "apple",
        "point": [
            16.5,
            6.0
        ],
        "radius": 3.3542017936706543
    },
    {
        "label": "apple",
        "point": [
            49.5,
            2.0
        ],
        "radius": 1.1181340217590332
    },
    {
        "label": "apple",
        "point": [
            140.5,
            5.5
        ],
        "radius": 8.514793395996094
    },
    {
        "label": "apple",
        "point": [
            112.0,
            0.5
        ],
        "radius": 2.061652660369873
    }
]