[
    {
        "label": "apple",
        "point": [
            265.5,
            176.5
        ],
        "radius": 1.581238865852356
    },
    {
        "label": "apple",
        "point": [
            223.5,
            175.5
        ],
        "radius": 1.581238865852356
    },
    {
        "label": "apple",
        "point": [
            59.42856979370117,
            96.0
        ],
        "radius": 10.618721961975098
    },
    {
        "label": "apple",
        "point": [
            213.0,
            90.0
        ],
        "radius": 6.082862854003906
    },
    {
        "label": "apple",
        "point": [
            123.5,
            90.0
        ],
        "radius": 14.8071928024292
    },
    {
        "label": "apple",
        "point": [
            77.16666412353516,
            87.16666412353516
        ],
        "radius": 4.24928092956543
    },
    {
        "label": "apple",
        "point": [
            181.98684692382812,
            76.0
        ],
        "radius": 19.01325225830078
    },
    {
        "label": "apple",
        "point": [
            180.0,
            64.0
        ],
        "radius": 4.000100135803223
    },
    {
        "label": "apple",
        "point": [
            156.5,
            63.0
        ],
        "radius": 6.576573371887207
    },
    {
        "label": "apple",
        "point": [
            127.5,
            65.0
        ],
        "radius": 8.558721542358398
    },
    {
        "label": "apple",
        "point": [
            123.0,
            45.0
        ],
        "radius": 5.831051826477051
    },
    {
        "label": "apple",
        "point": [
            100.5,
            39.0
        ],
        "radius": 4.924529075622559
    },
    {
        "label": "apple",
        "point": [
            150.0,
            39.5
        ],
        "radius": 20.304039001464844
    }
]