[
    {
        "label": "apple",
        "point": [
            81.5,
            127.0
        ],
        "radius": 5.4084272384643555
    },
    {
        "label": "apple",
        "point": [
            51.0,
            133.0
        ],
        "radius": 18.43918800354004
    },
    {
        "label": "apple",
        "point": [
            93.0,
            108.5
        ],
        "radius": 28.11148452758789
    },
    {
        "label": "apple",
        "point": [
            167.0,
            73.5
        ],
        "radius": 29.03886604309082
    },
    {
        "label": "apple",
        "point": [
            55.0,
            56.5
        ],
        "radius": 11.10190200805664
    },
    {
        "label": "apple",
        "point": [
            213.50698852539062,
            55.213287353515625
        ],
        "radius": 30.51723861694336
    },
    {
        "label": "apple",
        "point": [
            112.0,
            57.0
        ],
        "radius": 44.0114631652832
    },
    {
        "label": "apple",
        "point": [
            89.5,
            46.0
        ],
        "radius": 1.500100016593933
    }
]