[
    {
        "label": "apple",
        "point": [
            238.5,
            159.0
        ],
        "radius": 1.1181340217590332
    },
    {
        "label": "apple",
        "point": [
            236.5,
            153.0
        ],
        "radius": 2.5000998973846436
    },
    {
        "label": "apple",
        "point": [
            267.5,
            162.5
        ],
        "radius": 14.57748031616211
    },
    {
        "label": "apple",
        "point": [
            11.05555534362793,
            149.5
        ],
        "radius": 6.2386698722839355
    },
    {
        "label": "apple",
        "point": [
            238.14706420898438,
            142.6764678955078
        ],
        "radius": 3.9119694232940674
    },
    {
        "label": "apple",
        "point": [
            170.5,
            132.0
        ],
        "radius": 6.18475866317749
    },
    {
        "label": "apple",
        "point": [
            163.0,
            125.0
        ],
        "radius": 2.2361679077148438
    },
    {
        "label": "apple",
        "point": [
            133.5,
            85.0
        ],
        "radius": 35.72473907470703
    }
]