[
    {
        "label": "apple",
        "point": [
            61.0,
            166.0
        ],
        "radius": 1.414313554763794
    },
    {
        "label": "apple",
        "point": [
            50.0,
            97.5
        ],
        "radius": 1.8028756380081177
    },
    {
        "label": "apple",
        "point": [
            6.0,
            82.5
        ],
        "radius": 2.061652660369873
    },
    {
        "label": "apple",
        "point": [
            0.5,
            80.0
        ],
        "radius": 1.1181340217590332
    },
    {
        "label": "apple",
        "point": [
            4.214285850524902,
            78.64286041259766
        ],
        "radius": 1.821181297302246
    },
    {
        "label": "apple",
        "point": [
            24.0,
            77.0
        ],
        "radius": 1.000100016593933
    },
    {
        "label": "apple",
        "point": [
            26.0,
            74.5
        ],
        "radius": 1.500100016593933
    },
    {
        "label": "apple",
        "point": [
            20.5,
            80.5
        ],
        "radius": 9.300638198852539
    },
    {
        "label": "apple",
        "point": [
            163.5,
            73.0
        ],
        "radius": 2.5000998973846436
    },
    {
        "label": "apple",
        "point": [
            171.5,
            70.0
        ],
        "radius": 2.061652660369873
    },
    {
        "label": "apple",
        "point": [
            104.5,
            72.0
        ],
        "radius": 71.35309600830078
    },
    {
        "label": "apple",
        "point": [
            126.5,
            11.0
        ],
        "radius": 1.8028756380081177
    }
]