[
    {
        "label": "apple",
        "point": [
            245.1666717529297,
            162.1666717529297
        ],
        "radius": 1.1786041259765625
    },
    {
        "label": "apple",
        "point": [
            79.16666412353516,
            157.8333282470703
        ],
        "radius": 1.1786160469055176
    },
    {
        "label": "apple",
        "point": [
            249.5,
            149.5
        ],
        "radius": 1.581238865852356
    },
    {
        "label": "apple",
        "point": [
            235.5,
            149.5
        ],
        "radius": 1.581238865852356
    },
    {
        "label": "apple",
        "point": [
            244.5,
            146.5
        ],
        "radius": 1.581238865852356
    },
    {
        "label": "apple",
        "point": [
            60.0,
            143.0
        ],
        "radius": 1.414313554763794
    },
    {
        "label": "apple",
        "point": [
            79.40972137451172,
            136.67361450195312
        ],
        "radius": 14.090460777282715
    },
    {
        "label": "apple",
        "point": [
            139.8738250732422,
            107.733642578125
        ],
        "radius": 14.783048629760742
    },
    {
        "label": "apple",
        "point": [
            67.0,
            83.0
        ],
        "radius": 1.414313554763794
    },
    {
        "label": "apple",
        "point": [
            178.0,
            38.0
        ],
        "radius": 10.770429611206055
    },
    {
        "label": "apple",
        "point": [
            199.5,
            29.0
        ],
        "radius": 1.1181340217590332
    },
    {
        "label": "apple",
        "point": [
            219.5,
            27.0
        ],
        "radius": 11.715475082397461
    },
    {
        "label": "apple",
        "point": [
            213.1842041015625,
            18.605262756347656
        ],
        "radius": 3.24133038520813
    },
    {
        "label": "apple",
        "point": [
            221.0,
            15.0
        ],
        "radius": 2.2361679077148438
    },
    {
        "label": "apple",
        "point": [
            145.2586212158203,
            3.0517241954803467
        ],
        "radius": 3.424239158630371
    },
    {
        "label": "apple",
        "point": [
            120.5,
            8.0
        ],
        "radius": 15.692455291748047
    },
    {
        "label": "apple",
        "point": [
            73.5,
            2.0
        ],
        "radius": 3.6401548385620117
    }
]