[
    {
        "label": "apple",
        "point": [
            94.0,
            176.5
        ],
        "radius": 10.30786418914795
    },
    {
        "label": "apple",
        "point": [
            174.23077392578125,
            165.88461303710938
        ],
        "radius": 3.349783182144165
    },
    {
        "label": "apple",
        "point": [
            64.74069213867188,
            136.58436584472656
        ],
        "radius": 23.674837112426758
    },
    {
        "label": "apple",
        "point": [
            156.7413787841797,
            97.0862045288086
        ],
        "radius": 4.742264270782471
    },
    {
        "label": "apple",
        "point": [
            103.5,
            105.0
        ],
        "radius": 17.670696258544922
    },
    {
        "label": "apple",
        "point": [
            220.0,
            101.5
        ],
        "radius": 19.780139923095703
    },
    {
        "label": "apple",
        "point": [
            89.5,
            87.5
        ],
        "radius": 1.581238865852356
    },
    {
        "label": "apple",
        "point": [
            157.0,
            88.5
        ],
        "radius": 6.265082359313965
    },
    {
        "label": "apple",
        "point": [
            97.0,
            83.5
        ],
        "radius": 2.061652660369873
    },
    {
        "label": "apple",
        "point": [
            133.5,
            86.03333282470703
        ],
        "radius": 15.041747093200684
    },
    {
        "label": "apple",
        "point": [
            178.44444274902344,
            80.11111450195312
        ],
        "radius": 18.70509147644043
    },
    {
        "label": "apple",
        "point": [
            243.5,
            59.5
        ],
        "radius": 1.581238865852356
    },
    {
        "label": "apple",
        "point": [
            191.6999969482422,
            59.29999923706055
        ],
        "radius": 1.8385791778564453
    },
    {
        "label": "apple",
        "point": [
            208.5,
            64.5
        ],
        "radius": 12.103818893432617
    },
    {
        "label": "apple",
        "point": [
            253.0,
            56.0
        ],
        "radius": 17.888643264770508
    },
    {
        "label": "apple",
        "point": [
            232.5,
            48.0
        ],
        "radius": 13.901538848876953
    }
]