[
    {
        "label": "apple",
        "point": [
            45.0,
            183.0
        ],
        "radius": 7.000100135803223
    },
    {
        "label": "apple",
        "point": [
            159.0,
            167.0
        ],
        "radius": 1.414313554763794
    },
    {
        "label": "apple",
        "point": [
            201.89999389648438,
            163.0
        ],
        "radius": 10.100106239318848
    },
    {
        "label": "apple",
        "point": [
            56.696720123291016,
            145.0901641845703
        ],
        "radius": 11.877967834472656
    },
    {
        "label": "apple",
        "point": [
            150.98101806640625,
            133.85443115234375
        ],
        "radius": 17.019702911376953
    },
    {
        "label": "apple",
        "point": [
            92.0,
            128.0
        ],
        "radius": 11.04546070098877
    },
    {
        "label": "apple",
        "point": [
            237.5,
            96.5
        ],
        "radius": 6.670932292938232
    },
    {
        "label": "apple",
        "point": [
            221.5,
            91.0
        ],
        "radius": 4.609872341156006
    },
    {
        "label": "apple",
        "point": [
            133.0,
            68.5
        ],
        "radius": 5.2202534675598145
    },
    {
        "label": "apple",
        "point": [
            9.0,
            65.0
        ],
        "radius": 8.544103622436523
    },
    {
        "label": "apple",
        "point": [
            19.5,
            56.0
        ],
        "radius": 3.201662063598633
    },
    {
        "label": "apple",
        "point": [
            94.71428680419922,
            60.0
        ],
        "radius": 28.356430053710938
    },
    {
        "label": "apple",
        "point": [
            136.90625,
            49.5
        ],
        "radius": 16.286867141723633
    },
    {
        "label": "apple",
        "point": [
            169.0,
            39.5
        ],
        "radius": 1.1181340217590332
    },
    {
        "label": "apple",
        "point": [
            19.0,
            31.5
        ],
        "radius": 3.9052248001098633
    },
    {
        "label": "apple",
        "point": [
            15.0,
            28.5
        ],
        "radius": 1.1181340217590332
    },
    {
        "label": "apple",
        "point": [
            225.92857360839844,
            35.5
        ],
        "radius": 14.151249885559082
    },
    {
        "label": "apple",
        "point": [
            75.5,
            24.5
        ],
        "radius": 3.8079864978790283
    },
    {
        "label": "apple",
        "point": [
            198.5,
            5.5
        ],
        "radius": 18.06941032409668
    },
    {
        "label": "apple",
        "point": [
            151.5,
            1.0
        ],
        "radius": 6.576573371887207
    }
]