[
    {
        "label": "apple",
        "point": [
            82.0,
            130.0
        ],
        "radius": 1.000100016593933
    },
    {
        "label": "apple",
        "point": [
            66.0,
            110.5
        ],
        "radius": 1.1181340217590332
    },
    {
        "label": "apple",
        "point": [
            66.0,
            107.5
        ],
        "radius": 1.1181340217590332
    },
    {
        "label": "apple",
        "point": [
            75.5,
            100.5
        ],
        "radius": 2.12142014503479
    }
]