[
    {
        "label": "apple",
        "point": [
            176.0,
            181.5
        ],
        "radius": 5.2202534675598145
    },
    {
        "label": "apple",
        "point": [
            11.0,
            181.0
        ],
        "radius": 9.219644546508789
    },
    {
        "label": "apple",
        "point": [
            143.5,
            177.0
        ],
        "radius": 9.500100135803223
    },
    {
        "label": "apple",
        "point": [
            139.5,
            175.0
        ],
        "radius": 1.500100016593933
    },
    {
        "label": "apple",
        "point": [
            83.75,
            155.5
        ],
        "radius": 2.304986000061035
    },
    {
        "label": "apple",
        "point": [
            155.0,
            152.5
        ],
        "radius": 3.201662063598633
    },
    {
        "label": "apple",
        "point": [
            69.0,
            154.5
        ],
        "radius": 18.82162857055664
    },
    {
        "label": "apple",
        "point": [
            36.0,
            144.5
        ],
        "radius": 1.1181340217590332
    },
    {
        "label": "apple",
        "point": [
            21.0,
            147.5
        ],
        "radius": 20.74256706237793
    },
    {
        "label": "apple",
        "point": [
            192.5,
            142.5
        ],
        "radius": 1.581238865852356
    },
    {
        "label": "apple",
        "point": [
            187.0,
            145.5
        ],
        "radius": 4.500100135803223
    },
    {
        "label": "apple",
        "point": [
            22.0,
            141.0
        ],
        "radius": 1.000100016593933
    },
    {
        "label": "apple",
        "point": [
            141.0,
            141.0
        ],
        "radius": 2.2361679077148438
    },
    {
        "label": "apple",
        "point": [
            211.5,
            140.5
        ],
        "radius": 14.57748031616211
    },
    {
        "label": "apple",
        "point": [
            21.0,
            130.5
        ],
        "radius": 4.272101879119873
    },
    {
        "label": "apple",
        "point": [
            50.24468231201172,
            133.5
        ],
        "radius": 23.88660430908203
    },
    {
        "label": "apple",
        "point": [
            151.5,
            122.5
        ],
        "radius": 3.5356338024139404
    },
    {
        "label": "apple",
        "point": [
            5.0,
            122.0
        ],
        "radius": 5.656954288482666
    },
    {
        "label": "apple",
        "point": [
            161.0,
            117.0
        ],
        "radius": 1.000100016593933
    },
    {
        "label": "apple",
        "point": [
            143.5,
            111.5
        ],
        "radius": 5.700977325439453
    },
    {
        "label": "apple",
        "point": [
            129.0,
            109.5
        ],
        "radius": 6.020897388458252
    },
    {
        "label": "apple",
        "point": [
            172.0,
            105.0
        ],
        "radius": 1.000100016593933
    },
    {
        "label": "apple",
        "point": [
            139.5,
            102.5
        ],
        "radius": 3.5356338024139404
    },
    {
        "label": "apple",
        "point": [
            150.0,
            100.0
        ],
        "radius": 1.000100016593933
    },
    {
        "label": "apple",
        "point": [
            205.5,
            99.0
        ],
        "radius": 1.500100016593933
    },
    {
        "label": "apple",
        "point": [
            170.5,
            100.5
        ],
        "radius": 2.12142014503479
    },
    {
        "label": "apple",
        "point": [
            113.875,
            102.5
        ],
        "radius": 8.262401580810547
    },
    {
        "label": "apple",
        "point": [
            91.61111450195312,
            103.0
        ],
        "radius": 5.388985633850098
    },
    {
        "label": "apple",
        "point": [
            188.86363220214844,
            80.95454406738281
        ],
        "radius": 2.136951208114624
    },
    {
        "label": "apple",
        "point": [
            218.0,
            92.5
        ],
        "radius": 27.372529983520508
    },
    {
        "label": "apple",
        "point": [
            195.0,
            76.5
        ],
        "radius": 1.1181340217590332
    },
    {
        "label": "apple",
        "point": [
            192.0,
            74.5
        ],
        "radius": 1.1181340217590332
    },
    {
        "label": "apple",
        "point": [
            219.5,
            72.0
        ],
        "radius": 1.500100016593933
    },
    {
        "label": "apple",
        "point": [
            207.0,
            61.5
        ],
        "radius": 8.077847480773926
    },
    {
        "label": "apple",
        "point": [
            151.62754821777344,
            68.20918273925781
        ],
        "radius": 31.122455596923828
    },
    {
        "label": "apple",
        "point": [
            186.0,
            46.0
        ],
        "radius": 1.000100016593933
    },
    {
        "label": "apple",
        "point": [
            40.5,
            48.0
        ],
        "radius": 2.5000998973846436
    },
    {
        "label": "apple",
        "point": [
            147.0,
            46.0
        ],
        "radius": 2.2361679077148438
    },
    {
        "label": "apple",
        "point": [
            215.5,
            53.0
        ],
        "radius": 21.914705276489258
    },
    {
        "label": "apple",
        "point": [
            25.5,
            35.0
        ],
        "radius": 3.6401548385620117
    },
    {
        "label": "apple",
        "point": [
            206.5,
            25.5
        ],
        "radius": 5.522780418395996
    },
    {
        "label": "apple",
        "point": [
            202.5,
            18.5
        ],
        "radius": 2.549609661102295
    },
    {
        "label": "apple",
        "point": [
            191.0,
            14.0
        ],
        "radius": 6.324655532836914
    },
    {
        "label": "apple",
        "point": [
            180.0,
            13.0
        ],
        "radius": 1.000100016593933
    },
    {
        "label": "apple",
        "point": [
            146.0,
            10.0
        ],
        "radius": 8.24631118774414
    },
    {
        "label": "apple",
        "point": [
            146.5,
            1.5
        ],
        "radius": 1.581238865852356
    }
]