[
    {
        "label": "apple",
        "point": [
            173.0,
            173.5
        ],
        "radius": 1.1181340217590332
    },
    {
        "label": "apple",
        "point": [
            104.5,
            170.5
        ],
        "radius": 1.581238865852356
    },
    {
        "label": "apple",
        "point": [
            192.0,
            163.5
        ],
        "radius": 3.201662063598633
    },
    {
        "label": "apple",
        "point": [
            80.38888549804688,
            149.61111450195312
        ],
        "radius": 6.366001129150391
    },
    {
        "label": "apple",
        "point": [
            98.5,
            140.0
        ],
        "radius": 1.8028756380081177
    },
    {
        "label": "apple",
        "point": [
            110.0,
            137.5
        ],
        "radius": 1.1181340217590332
    },
    {
        "label": "apple",
        "point": [
            3.0,
            137.0
        ],
        "radius": 2.8285269737243652
    },
    {
        "label": "apple",
        "point": [
            138.5,
            133.5
        ],
        "radius": 3.5356338024139404
    },
    {
        "label": "apple",
        "point": [
            202.5,
            130.0
        ],
        "radius": 1.1181340217590332
    },
    {
        "label": "apple",
        "point": [
            119.0,
            110.0
        ],
        "radius": 2.2361679077148438
    },
    {
        "label": "apple",
        "point": [
            208.0,
            101.5
        ],
        "radius": 1.1181340217590332
    },
    {
        "label": "apple",
        "point": [
            46.0,
            103.0
        ],
        "radius": 2.2361679077148438
    },
    {
        "label": "apple",
        "point": [
            46.0,
            94.5
        ],
        "radius": 1.1181340217590332
    },
    {
        "label": "apple",
        "point": [
            210.5,
            89.5
        ],
        "radius": 1.581238865852356
    },
    {
        "label": "apple",
        "point": [
            95.0,
            88.0
        ],
        "radius": 1.414313554763794
    },
    {
        "label": "apple",
        "point": [
            230.77272033691406,
            86.7727279663086
        ],
        "radius": 3.9213335514068604
    },
    {
        "label": "apple",
        "point": [
            210.0,
            85.5
        ],
        "radius": 2.5000998973846436
    },
    {
        "label": "apple",
        "point": [
            190.5,
            62.5
        ],
        "radius": 4.527792930603027
    },
    {
        "label": "apple",
        "point": [
            86.5,
            57.0
        ],
        "radius": 2.6926822662353516
    },
    {
        "label": "apple",
        "point": [
            173.0,
            56.0
        ],
        "radius": 3.0000998973846436
    },
    {
        "label": "apple",
        "point": [
            129.6666717529297,
            56.0
        ],
        "radius": 4.772702217102051
    },
    {
        "label": "apple",
        "point": [
            146.5,
            50.0
        ],
        "radius": 1.1181340217590332
    },
    {
        "label": "apple",
        "point": [
            155.6875,
            48.91666793823242
        ],
        "radius": 5.129714488983154
    },
    {
        "label": "apple",
        "point": [
            141.5,
            48.0
        ],
        "radius": 4.924529075622559
    },
    {
        "label": "apple",
        "point": [
            110.0,
            35.0
        ],
        "radius": 4.242740631103516
    },
    {
        "label": "apple",
        "point": [
            96.5,
            32.0
        ],
        "radius": 3.0414812564849854
    },
    {
        "label": "apple",
        "point": [
            243.5,
            28.0
        ],
        "radius": 1.1181340217590332
    },
    {
        "label": "apple",
        "point": [
            176.5,
            3.0
        ],
        "radius": 4.031229019165039
    }
]