[
    {
        "label": "apple",
        "point": [
            245.9545440673828,
            158.13636779785156
        ],
        "radius": 2.136944055557251
    },
    {
        "label": "apple",
        "point": [
            39.5,
            158.0
        ],
        "radius": 6.800835609436035
    },
    {
        "label": "apple",
        "point": [
            70.5,
            152.0
        ],
        "radius": 2.6926822662353516
    },
    {
        "label": "apple",
        "point": [
            172.0,
            148.0
        ],
        "radius": 2.2361679077148438
    },
    {
        "label": "apple",
        "point": [
            145.0,
            146.5
        ],
        "radius": 2.061652660369873
    },
    {
        "label": "apple",
        "point": [
            161.5,
            144.0
        ],
        "radius": 2.5000998973846436
    },
    {
        "label": "apple",
        "point": [
            21.5,
            140.5
        ],
        "radius": 3.5356338024139404
    },
    {
        "label": "apple",
        "point": [
            177.0,
            138.0
        ],
        "radius": 1.414313554763794
    },
    {
        "label": "apple",
        "point": [
            237.5,
            137.0
        ],
        "radius": 1.8028756380081177
    },
    {
        "label": "apple",
        "point": [
            135.5,
            138.5
        ],
        "radius": 6.96429443359375
    },
    {
        "label": "apple",
        "point": [
            149.73333740234375,
            137.0
        ],
        "radius": 8.294940948486328
    },
    {
        "label": "apple",
        "point": [
            34.0,
            132.0
        ],
        "radius": 3.0000998973846436
    },
    {
        "label": "apple",
        "point": [
            30.5,
            108.5
        ],
        "radius": 9.617792129516602
    },
    {
        "label": "apple",
        "point": [
            62.04081726074219,
            93.05101776123047
        ],
        "radius": 19.20958137512207
    },
    {
        "label": "apple",
        "point": [
            188.5,
            84.0
        ],
        "radius": 15.435449600219727
    },
    {
        "label": "apple",
        "point": [
            194.47825622558594,
            57.260868072509766
        ],
        "radius": 5.5279998779296875
    },
    {
        "label": "apple",
        "point": [
            23.0,
            54.0
        ],
        "radius": 8.24631118774414
    },
    {
        "label": "apple",
        "point": [
            208.5,
            40.0
        ],
        "radius": 3.5000998973846436
    },
    {
        "label": "apple",
        "point": [
            51.478721618652344,
            14.968085289001465
        ],
        "radius": 9.694165229797363
    },
    {
        "label": "apple",
        "point": [
            77.0,
            13.5
        ],
        "radius": 9.013978004455566
    }
]