[
    {
        "label": "apple",
        "point": [
            267.0,
            183.0
        ],
        "radius": 2.0000998973846436
    },
    {
        "label": "apple",
        "point": [
            88.0,
            182.0
        ],
        "radius": 2.8285269737243652
    },
    {
        "label": "apple",
        "point": [
            80.0,
            182.0
        ],
        "radius": 2.8285269737243652
    },
    {
        "label": "apple",
        "point": [
            63.0,
            181.5
        ],
        "radius": 2.6926822662353516
    },
    {
        "label": "apple",
        "point": [
            70.5,
            176.5
        ],
        "radius": 7.905794143676758
    },
    {
        "label": "apple",
        "point": [
            149.57691955566406,
            156.65383911132812
        ],
        "radius": 5.869747161865234
    },
    {
        "label": "apple",
        "point": [
            53.0,
            149.0
        ],
        "radius": 1.000100016593933
    },
    {
        "label": "apple",
        "point": [
            167.73077392578125,
            151.0
        ],
        "radius": 7.985383033752441
    },
    {
        "label": "apple",
        "point": [
            57.5,
            153.5
        ],
        "radius": 10.511998176574707
    },
    {
        "label": "apple",
        "point": [
            107.0,
            143.5
        ],
        "radius": 1.8028756380081177
    },
    {
        "label": "apple",
        "point": [
            147.0,
            142.5
        ],
        "radius": 2.5000998973846436
    },
    {
        "label": "apple",
        "point": [
            8.5,
            142.0
        ],
        "radius": 3.6401548385620117
    },
    {
        "label": "apple",
        "point": [
            79.0,
            139.5
        ],
        "radius": 1.500100016593933
    },
    {
        "label": "apple",
        "point": [
            256.1363525390625,
            136.40908813476562
        ],
        "radius": 3.191652297973633
    },
    {
        "label": "apple",
        "point": [
            83.0,
            148.5
        ],
        "radius": 18.33721923828125
    },
    {
        "label": "apple",
        "point": [
            58.0,
            132.5
        ],
        "radius": 2.061652660369873
    },
    {
        "label": "apple",
        "point": [
            104.22222137451172,
            128.6666717529297
        ],
        "radius": 4.824166774749756
    },
    {
        "label": "apple",
        "point": [
            34.0,
            128.5
        ],
        "radius": 6.020897388458252
    },
    {
        "label": "apple",
        "point": [
            65.5,
            124.5
        ],
        "radius": 1.581238865852356
    },
    {
        "label": "apple",
        "point": [
            42.0,
            120.25
        ],
        "radius": 1.250100016593933
    },
    {
        "label": "apple",
        "point": [
            253.0,
            117.0
        ],
        "radius": 1.414313554763794
    },
    {
        "label": "apple",
        "point": [
            149.18675231933594,
            116.63253021240234
        ],
        "radius": 12.942093849182129
    },
    {
        "label": "apple",
        "point": [
            100.5,
            105.0
        ],
        "radius": 2.061652660369873
    },
    {
        "label": "apple",
        "point": [
            246.13414001464844,
            104.73170471191406
        ],
        "radius": 9.732735633850098
    },
    {
        "label": "apple",
        "point": [
            1.5,
            96.5
        ],
        "radius": 1.581238865852356
    },
    {
        "label": "apple",
        "point": [
            135.0,
            94.5
        ],
        "radius": 4.031229019165039
    },
    {
        "label": "apple",
        "point": [
            93.5,
            93.0
        ],
        "radius": 5.590270042419434
    },
    {
        "label": "apple",
        "point": [
            104.0,
            88.0
        ],
        "radius": 1.000100016593933
    },
    {
        "label": "apple",
        "point": [
            33.5,
            83.0
        ],
        "radius": 1.1181340217590332
    },
    {
        "label": "apple",
        "point": [
            137.5,
            83.5
        ],
        "radius": 3.5356338024139404
    },
    {
        "label": "apple",
        "point": [
            183.5,
            79.0
        ],
        "radius": 1.1181340217590332
    },
    {
        "label": "apple",
        "point": [
            128.0,
            81.57142639160156
        ],
        "radius": 3.57153058052063
    },
    {
        "label": "apple",
        "point": [
            7.5,
            79.5
        ],
        "radius": 2.549609661102295
    },
    {
        "label": "apple",
        "point": [
            178.6999969482422,
            78.69999694824219
        ],
        "radius": 3.7122435569763184
    },
    {
        "label": "apple",
        "point": [
            27.4375,
            81.0
        ],
        "radius": 6.067752361297607
    },
    {
        "label": "apple",
        "point": [
            169.0,
            76.5
        ],
        "radius": 2.6926822662353516
    },
    {
        "label": "apple",
        "point": [
            182.5,
            70.5
        ],
        "radius": 2.12142014503479
    },
    {
        "label": "apple",
        "point": [
            102.0,
            70.0
        ],
        "radius": 1.000100016593933
    },
    {
        "label": "apple",
        "point": [
            170.5,
            70.5
        ],
        "radius": 2.549609661102295
    },
    {
        "label": "apple",
        "point": [
            91.5,
            68.5
        ],
        "radius": 1.581238865852356
    },
    {
        "label": "apple",
        "point": [
            172.3000030517578,
            64.69999694824219
        ],
        "radius": 1.838573694229126
    },
    {
        "label": "apple",
        "point": [
            109.80000305175781,
            63.0
        ],
        "radius": 7.965020656585693
    },
    {
        "label": "apple",
        "point": [
            77.0,
            52.5
        ],
        "radius": 1.1181340217590332
    },
    {
        "label": "apple",
        "point": [
            4.5,
            52.5
        ],
        "radius": 1.581238865852356
    },
    {
        "label": "apple",
        "point": [
            151.5,
            57.772727966308594
        ],
        "radius": 9.896464347839355
    },
    {
        "label": "apple",
        "point": [
            115.0,
            43.5
        ],
        "radius": 1.500100016593933
    },
    {
        "label": "apple",
        "point": [
            121.13636016845703,
            43.5
        ],
        "radius": 6.881927490234375
    },
    {
        "label": "apple",
        "point": [
            104.5,
            41.5
        ],
        "radius": 9.617792129516602
    },
    {
        "label": "apple",
        "point": [
            251.5,
            30.16666603088379
        ],
        "radius": 3.2059977054595947
    },
    {
        "label": "apple",
        "point": [
            27.621212005615234,
            33.469696044921875
        ],
        "radius": 6.559884548187256
    },
    {
        "label": "apple",
        "point": [
            262.0,
            29.0
        ],
        "radius": 11.401854515075684
    },
    {
        "label": "apple",
        "point": [
            78.0,
            13.0
        ],
        "radius": 1.000100016593933
    },
    {
        "label": "apple",
        "point": [
            4.516129016876221,
            15.637096405029297
        ],
        "radius": 7.511039733886719
    },
    {
        "label": "apple",
        "point": [
            194.5,
            0.5
        ],
        "radius": 1.581238865852356
    },
    {
        "label": "apple",
        "point": [
            93.0,
            10.5
        ],
        "radius": 12.619529724121094
    }
]