[
    {
        "label": "apple",
        "point": [
            5.0,
            93.0
        ],
        "radius": 2.2361679077148438
    },
    {
        "label": "apple",
        "point": [
            43.0,
            73.0
        ],
        "radius": 1.000100016593933
    },
    {
        "label": "apple",
        "point": [
            46.5,
            66.0
        ],
        "radius": 1.1181340217590332
    },
    {
        "label": "apple",
        "point": [
            161.0,
            102.5
        ],
        "radius": 46.51084899902344
    },
    {
        "label": "apple",
        "point": [
            156.0,
            55.0
        ],
        "radius": 2.0000998973846436
    }
]