[
    {
        "label": "apple",
        "point": [
            240.5,
            160.0
        ],
        "radius": 1.8028756380081177
    },
    {
        "label": "apple",
        "point": [
            229.8333282470703,
            152.8333282470703
        ],
        "radius": 2.838331699371338
    },
    {
        "label": "apple",
        "point": [
            245.6666717529297,
            150.6666717529297
        ],
        "radius": 2.35711669921875
    },
    {
        "label": "apple",
        "point": [
            242.0,
            146.0
        ],
        "radius": 1.414313554763794
    },
    {
        "label": "apple",
        "point": [
            226.0,
            145.5
        ],
        "radius": 1.500100016593933
    },
    {
        "label": "apple",
        "point": [
            59.0,
            143.0
        ],
        "radius": 2.2361679077148438
    },
    {
        "label": "apple",
        "point": [
            78.23413848876953,
            137.38217163085938
        ],
        "radius": 14.016761779785156
    },
    {
        "label": "apple",
        "point": [
            246.6999969482422,
            103.69999694824219
        ],
        "radius": 1.838581919670105
    },
    {
        "label": "apple",
        "point": [
            136.7122039794922,
            107.48255920410156
        ],
        "radius": 14.768719673156738
    },
    {
        "label": "apple",
        "point": [
            175.80435180664062,
            38.065216064453125
        ],
        "radius": 10.976311683654785
    },
    {
        "label": "apple",
        "point": [
            215.9322052001953,
            28.923728942871094
        ],
        "radius": 12.042126655578613
    },
    {
        "label": "apple",
        "point": [
            209.09091186523438,
            18.045454025268555
        ],
        "radius": 3.0913403034210205
    },
    {
        "label": "apple",
        "point": [
            142.5,
            1.5
        ],
        "radius": 2.549609661102295
    },
    {
        "label": "apple",
        "point": [
            119.5,
            8.5
        ],
        "radius": 15.953156471252441
    },
    {
        "label": "apple",
        "point": [
            72.0,
            2.0
        ],
        "radius": 4.472236156463623
    }
]