[
    {
        "label": "apple",
        "point": [
            93.0,
            146.0
        ],
        "radius": 13.89254379272461
    },
    {
        "label": "apple",
        "point": [
            149.5,
            128.5
        ],
        "radius": 3.5356338024139404
    },
    {
        "label": "apple",
        "point": [
            155.5,
            125.5
        ],
        "radius": 1.581238865852356
    },
    {
        "label": "apple",
        "point": [
            150.5,
            121.0
        ],
        "radius": 1.1181340217590332
    },
    {
        "label": "apple",
        "point": [
            136.5,
            117.0
        ],
        "radius": 13.313627243041992
    },
    {
        "label": "apple",
        "point": [
            159.0,
            109.5
        ],
        "radius": 10.594910621643066
    },
    {
        "label": "apple",
        "point": [
            184.0,
            95.5
        ],
        "radius": 2.061652660369873
    },
    {
        "label": "apple",
        "point": [
            191.22222900390625,
            90.05555725097656
        ],
        "radius": 4.129560470581055
    },
    {
        "label": "apple",
        "point": [
            142.0,
            76.0
        ],
        "radius": 1.414313554763794
    },
    {
        "label": "apple",
        "point": [
            202.5,
            65.5
        ],
        "radius": 2.549609661102295
    },
    {
        "label": "apple",
        "point": [
            267.0,
            58.0
        ],
        "radius": 2.2361679077148438
    },
    {
        "label": "apple",
        "point": [
            150.5,
            62.5
        ],
        "radius": 8.514793395996094
    },
    {
        "label": "apple",
        "point": [
            89.5,
            54.5
        ],
        "radius": 2.12142014503479
    },
    {
        "label": "apple",
        "point": [
            259.0,
            46.5
        ],
        "radius": 1.1181340217590332
    },
    {
        "label": "apple",
        "point": [
            183.0,
            43.0
        ],
        "radius": 5.099119663238525
    },
    {
        "label": "apple",
        "point": [
            95.0,
            36.5
        ],
        "radius": 1.1181340217590332
    },
    {
        "label": "apple",
        "point": [
            27.0,
            48.5
        ],
        "radius": 15.913930892944336
    },
    {
        "label": "apple",
        "point": [
            117.5,
            45.0
        ],
        "radius": 22.522310256958008
    },
    {
        "label": "apple",
        "point": [
            108.0,
            33.0
        ],
        "radius": 1.414313554763794
    },
    {
        "label": "apple",
        "point": [
            105.0,
            31.5
        ],
        "radius": 2.6926822662353516
    },
    {
        "label": "apple",
        "point": [
            86.5,
            30.5
        ],
        "radius": 1.581238865852356
    },
    {
        "label": "apple",
        "point": [
            199.0,
            34.0
        ],
        "radius": 6.324655532836914
    },
    {
        "label": "apple",
        "point": [
            75.0,
            33.0
        ],
        "radius": 13.038504600524902
    },
    {
        "label": "apple",
        "point": [
            33.5,
            14.0
        ],
        "radius": 3.6401548385620117
    },
    {
        "label": "apple",
        "point": [
            10.5,
            3.0
        ],
        "radius": 1.1181340217590332
    }
]