[
    {
        "label": "apple",
        "point": [
            184.5,
            150.5
        ],
        "radius": 6.5193023681640625
    },
    {
        "label": "apple",
        "point": [
            185.125,
            137.375
        ],
        "radius": 4.759958267211914
    },
    {
        "label": "apple",
        "point": [
            184.0,
            125.0
        ],
        "radius": 4.472236156463623
    },
    {
        "label": "apple",
        "point": [
            174.3076934814453,
            112.23076629638672
        ],
        "radius": 4.313966751098633
    },
    {
        "label": "apple",
        "point": [
            257.5,
            101.5
        ],
        "radius": 5.700977325439453
    },
    {
        "label": "apple",
        "point": [
            170.0,
            92.5
        ],
        "radius": 1.8028756380081177
    },
    {
        "label": "apple",
        "point": [
            176.7142791748047,
            90.47618865966797
        ],
        "radius": 4.532928943634033
    },
    {
        "label": "apple",
        "point": [
            254.5,
            87.5
        ],
        "radius": 5.700977325439453
    },
    {
        "label": "apple",
        "point": [
            12.0,
            76.5
        ],
        "radius": 2.061652660369873
    },
    {
        "label": "apple",
        "point": [
            192.5,
            77.5
        ],
        "radius": 8.860122680664062
    },
    {
        "label": "apple",
        "point": [
            261.5,
            74.83333587646484
        ],
        "radius": 4.859227657318115
    },
    {
        "label": "apple",
        "point": [
            13.0,
            66.0
        ],
        "radius": 5.000100135803223
    },
    {
        "label": "apple",
        "point": [
            219.0,
            63.5
        ],
        "radius": 2.6926822662353516
    },
    {
        "label": "apple",
        "point": [
            212.0,
            64.5
        ],
        "radius": 3.5000998973846436
    },
    {
        "label": "apple",
        "point": [
            246.5,
            59.5
        ],
        "radius": 2.9155757427215576
    },
    {
        "label": "apple",
        "point": [
            32.16666793823242,
            60.16666793823242
        ],
        "radius": 2.838330030441284
    },
    {
        "label": "apple",
        "point": [
            39.5,
            58.5
        ],
        "radius": 2.9155757427215576
    },
    {
        "label": "apple",
        "point": [
            244.0,
            54.0
        ],
        "radius": 1.414313554763794
    },
    {
        "label": "apple",
        "point": [
            170.0,
            69.0
        ],
        "radius": 21.023895263671875
    },
    {
        "label": "apple",
        "point": [
            21.5,
            52.5
        ],
        "radius": 2.9155757427215576
    },
    {
        "label": "apple",
        "point": [
            233.5,
            50.5
        ],
        "radius": 1.581238865852356
    },
    {
        "label": "apple",
        "point": [
            246.5,
            47.0
        ],
        "radius": 4.924529075622559
    },
    {
        "label": "apple",
        "point": [
            259.0,
            39.5
        ],
        "radius": 3.3542017936706543
    },
    {
        "label": "apple",
        "point": [
            208.13380432128906,
            45.07746505737305
        ],
        "radius": 9.940553665161133
    },
    {
        "label": "apple",
        "point": [
            232.5,
            42.5
        ],
        "radius": 9.192488670349121
    },
    {
        "label": "apple",
        "point": [
            58.5,
            38.5
        ],
        "radius": 7.7782745361328125
    },
    {
        "label": "apple",
        "point": [
            268.0,
            21.0
        ],
        "radius": 1.000100016593933
    },
    {
        "label": "apple",
        "point": [
            60.5,
            16.5
        ],
        "radius": 2.549609661102295
    },
    {
        "label": "apple",
        "point": [
            221.68182373046875,
            17.31818199157715
        ],
        "radius": 4.047849178314209
    },
    {
        "label": "apple",
        "point": [
            106.0,
            12.0
        ],
        "radius": 5.385264873504639
    },
    {
        "label": "apple",
        "point": [
            17.5,
            8.5
        ],
        "radius": 1.581238865852356
    },
    {
        "label": "apple",
        "point": [
            183.5,
            7.0
        ],
        "radius": 3.6401548385620117
    },
    {
        "label": "apple",
        "point": [
            54.5,
            2.0
        ],
        "radius": 1.1181340217590332
    },
    {
        "label": "apple",
        "point": [
            152.5,
            7.0
        ],
        "radius": 11.011457443237305
    },
    {
        "label": "apple",
        "point": [
            122.0,
            0.5
        ],
        "radius": 3.0414812564849854
    }
]