[
    {
        "label": "apple",
        "point": [
            81.0,
            162.0
        ],
        "radius": 2.0000998973846436
    },
    {
        "label": "apple",
        "point": [
            54.5,
            160.0
        ],
        "radius": 5.590270042419434
    },
    {
        "label": "apple",
        "point": [
            223.5,
            148.0
        ],
        "radius": 11.884963989257812
    },
    {
        "label": "apple",
        "point": [
            163.5,
            68.0
        ],
        "radius": 1.1181340217590332
    },
    {
        "label": "apple",
        "point": [
            177.125,
            70.25
        ],
        "radius": 12.301650047302246
    }
]