[
    {
        "label": "apple",
        "point": [
            244.0,
            168.0
        ],
        "radius": 6.082862854003906
    },
    {
        "label": "apple",
        "point": [
            165.5,
            154.5
        ],
        "radius": 4.94984769821167
    },
    {
        "label": "apple",
        "point": [
            185.5,
            151.5
        ],
        "radius": 3.5356338024139404
    },
    {
        "label": "apple",
        "point": [
            258.0,
            143.0
        ],
        "radius": 8.062357902526855
    },
    {
        "label": "apple",
        "point": [
            200.57017517089844,
            134.9385986328125
        ],
        "radius": 5.31599235534668
    },
    {
        "label": "apple",
        "point": [
            117.0,
            130.5
        ],
        "radius": 2.5000998973846436
    },
    {
        "label": "apple",
        "point": [
            175.5,
            128.5
        ],
        "radius": 1.581238865852356
    },
    {
        "label": "apple",
        "point": [
            137.6520233154297,
            133.46621704101562
        ],
        "radius": 19.668140411376953
    },
    {
        "label": "apple",
        "point": [
            109.0,
            112.0
        ],
        "radius": 1.000100016593933
    },
    {
        "label": "apple",
        "point": [
            193.0,
            111.5
        ],
        "radius": 2.6926822662353516
    },
    {
        "label": "apple",
        "point": [
            188.0,
            107.0
        ],
        "radius": 2.2361679077148438
    },
    {
        "label": "apple",
        "point": [
            93.5,
            130.5
        ],
        "radius": 31.088682174682617
    },
    {
        "label": "apple",
        "point": [
            143.0,
            84.0
        ],
        "radius": 1.414313554763794
    },
    {
        "label": "apple",
        "point": [
            152.6999969482422,
            83.30000305175781
        ],
        "radius": 1.838581919670105
    },
    {
        "label": "apple",
        "point": [
            154.0,
            67.0
        ],
        "radius": 1.000100016593933
    },
    {
        "label": "apple",
        "point": [
            156.5,
            66.5
        ],
        "radius": 1.581238865852356
    },
    {
        "label": "apple",
        "point": [
            179.74510192871094,
            59.97058868408203
        ],
        "radius": 21.766843795776367
    },
    {
        "label": "apple",
        "point": [
            130.5,
            40.0
        ],
        "radius": 4.924529075622559
    },
    {
        "label": "apple",
        "point": [
            211.0,
            38.0
        ],
        "radius": 2.2361679077148438
    },
    {
        "label": "apple",
        "point": [
            242.5,
            36.0
        ],
        "radius": 3.0414812564849854
    },
    {
        "label": "apple",
        "point": [
            205.0,
            33.5
        ],
        "radius": 3.6401548385620117
    },
    {
        "label": "apple",
        "point": [
            131.5,
            31.0
        ],
        "radius": 1.500100016593933
    },
    {
        "label": "apple",
        "point": [
            196.0,
            28.0
        ],
        "radius": 1.414313554763794
    },
    {
        "label": "apple",
        "point": [
            209.0,
            26.5
        ],
        "radius": 1.1181340217590332
    },
    {
        "label": "apple",
        "point": [
            207.5,
            14.5
        ],
        "radius": 1.581238865852356
    },
    {
        "label": "apple",
        "point": [
            134.5,
            13.0
        ],
        "radius": 11.280613899230957
    },
    {
        "label": "apple",
        "point": [
            192.0,
            0.5
        ],
        "radius": 3.0414812564849854
    },
    {
        "label": "apple",
        "point": [
            126.5,
            1.5
        ],
        "radius": 2.9155757427215576
    }
]