[
    {
        "label": "apple",
        "point": [
            29.5,
            182.0
        ],
        "radius": 2.5000998973846436
    },
    {
        "label": "apple",
        "point": [
            235.6666717529297,
            181.5
        ],
        "radius": 3.6553807258605957
    },
    {
        "label": "apple",
        "point": [
            132.0,
            175.5
        ],
        "radius": 2.6926822662353516
    },
    {
        "label": "apple",
        "point": [
            22.5,
            169.5
        ],
        "radius": 5.700977325439453
    },
    {
        "label": "apple",
        "point": [
            268.0,
            159.0
        ],
        "radius": 1.000100016593933
    },
    {
        "label": "apple",
        "point": [
            192.0,
            163.5
        ],
        "radius": 9.65670394897461
    },
    {
        "label": "apple",
        "point": [
            137.5,
            153.0
        ],
        "radius": 2.6926822662353516
    },
    {
        "label": "apple",
        "point": [
            105.0,
            141.0
        ],
        "radius": 6.324655532836914
    },
    {
        "label": "apple",
        "point": [
            253.5,
            129.0
        ],
        "radius": 2.6926822662353516
    },
    {
        "label": "apple",
        "point": [
            73.0,
            129.5
        ],
        "radius": 6.103377819061279
    },
    {
        "label": "apple",
        "point": [
            9.5,
            128.0
        ],
        "radius": 4.609872341156006
    },
    {
        "label": "apple",
        "point": [
            176.5,
            102.5
        ],
        "radius": 7.106435298919678
    },
    {
        "label": "apple",
        "point": [
            80.0,
            92.0
        ],
        "radius": 2.2361679077148438
    },
    {
        "label": "apple",
        "point": [
            132.5,
            89.5
        ],
        "radius": 3.8079864978790283
    },
    {
        "label": "apple",
        "point": [
            201.0,
            89.5
        ],
        "radius": 8.732224464416504
    },
    {
        "label": "apple",
        "point": [
            130.0,
            84.0
        ],
        "radius": 1.414313554763794
    },
    {
        "label": "apple",
        "point": [
            62.5,
            82.5
        ],
        "radius": 2.12142014503479
    },
    {
        "label": "apple",
        "point": [
            245.0,
            80.5
        ],
        "radius": 1.1181340217590332
    },
    {
        "label": "apple",
        "point": [
            18.5,
            86.0
        ],
        "radius": 7.632268905639648
    },
    {
        "label": "apple",
        "point": [
            185.0,
            77.5
        ],
        "radius": 1.1181340217590332
    },
    {
        "label": "apple",
        "point": [
            54.5,
            81.5
        ],
        "radius": 5.700977325439453
    },
    {
        "label": "apple",
        "point": [
            152.0,
            71.0
        ],
        "radius": 1.000100016593933
    },
    {
        "label": "apple",
        "point": [
            258.28399658203125,
            77.81999969482422
        ],
        "radius": 8.481674194335938
    },
    {
        "label": "apple",
        "point": [
            62.21428680419922,
            63.78571319580078
        ],
        "radius": 2.525479793548584
    },
    {
        "label": "apple",
        "point": [
            57.0,
            61.6875
        ],
        "radius": 5.676600456237793
    },
    {
        "label": "apple",
        "point": [
            44.5,
            50.64285659790039
        ],
        "radius": 3.6771111488342285
    },
    {
        "label": "apple",
        "point": [
            1.0,
            43.0
        ],
        "radius": 2.0000998973846436
    },
    {
        "label": "apple",
        "point": [
            44.5,
            33.5
        ],
        "radius": 2.9155757427215576
    },
    {
        "label": "apple",
        "point": [
            56.5,
            29.5
        ],
        "radius": 8.860122680664062
    },
    {
        "label": "apple",
        "point": [
            34.19565200805664,
            30.413043975830078
        ],
        "radius": 5.22880220413208
    },
    {
        "label": "apple",
        "point": [
            53.0,
            21.5
        ],
        "radius": 1.1181340217590332
    }
]