[
    {
        "label": "apple",
        "point": [
            152.3333282470703,
            77.0
        ],
        "radius": 1.6667717695236206
    },
    {
        "label": "apple",
        "point": [
            161.0,
            77.5
        ],
        "radius": 5.590270042419434
    },
    {
        "label": "apple",
        "point": [
            138.0,
            73.5
        ],
        "radius": 1.1181340217590332
    },
    {
        "label": "apple",
        "point": [
            136.5,
            105.0
        ],
        "radius": 50.21215057373047
    },
    {
        "label": "apple",
        "point": [
            168.5,
            69.5
        ],
        "radius": 26.953763961791992
    },
    {
        "label": "apple",
        "point": [
            159.64285278320312,
            49.21428680419922
        ],
        "radius": 5.64702844619751
    }
]