[
    {
        "label": "apple",
        "point": [
            181.0,
            137.0
        ],
        "radius": 1.000100016593933
    },
    {
        "label": "apple",
        "point": [
            79.69999694824219,
            136.3000030517578
        ],
        "radius": 1.838573694229126
    },
    {
        "label": "apple",
        "point": [
            62.5,
            129.0
        ],
        "radius": 1.1181340217590332
    },
    {
        "label": "apple",
        "point": [
            102.0,
            127.0
        ],
        "radius": 1.000100016593933
    },
    {
        "label": "apple",
        "point": [
            76.0,
            125.5
        ],
        "radius": 1.1181340217590332
    },
    {
        "label": "apple",
        "point": [
            145.5,
            126.5
        ],
        "radius": 2.549609661102295
    },
    {
        "label": "apple",
        "point": [
            93.0,
            127.0
        ],
        "radius": 4.123205661773682
    },
    {
        "label": "apple",
        "point": [
            182.0,
            123.5
        ],
        "radius": 1.500100016593933
    },
    {
        "label": "apple",
        "point": [
            149.0,
            116.5
        ],
        "radius": 1.8028756380081177
    },
    {
        "label": "apple",
        "point": [
            95.5,
            117.0
        ],
        "radius": 3.3542017936706543
    },
    {
        "label": "apple",
        "point": [
            144.0,
            114.0
        ],
        "radius": 1.414313554763794
    },
    {
        "label": "apple",
        "point": [
            132.5,
            114.5
        ],
        "radius": 2.549609661102295
    },
    {
        "label": "apple",
        "point": [
            100.35713958740234,
            115.28571319580078
        ],
        "radius": 2.3744986057281494
    },
    {
        "label": "apple",
        "point": [
            87.0,
            112.5
        ],
        "radius": 1.1181340217590332
    },
    {
        "label": "apple",
        "point": [
            127.0,
            104.5
        ],
        "radius": 3.6401548385620117
    },
    {
        "label": "apple",
        "point": [
            111.16666412353516,
            94.16666412353516
        ],
        "radius": 1.1786149740219116
    },
    {
        "label": "apple",
        "point": [
            79.5,
            95.5
        ],
        "radius": 2.549609661102295
    },
    {
        "label": "apple",
        "point": [
            133.0,
            80.0
        ],
        "radius": 1.000100016593933
    },
    {
        "label": "apple",
        "point": [
            100.0,
            74.5
        ],
        "radius": 1.1181340217590332
    }
]