[
    {
        "label": "apple",
        "point": [
            146.0,
            169.5
        ],
        "radius": 3.3542017936706543
    },
    {
        "label": "apple",
        "point": [
            266.5,
            156.0
        ],
        "radius": 1.8028756380081177
    },
    {
        "label": "apple",
        "point": [
            131.5,
            151.5
        ],
        "radius": 7.648629188537598
    },
    {
        "label": "apple",
        "point": [
            229.5,
            138.0
        ],
        "radius": 1.1181340217590332
    },
    {
        "label": "apple",
        "point": [
            134.5,
            134.0
        ],
        "radius": 1.1181340217590332
    },
    {
        "label": "apple",
        "point": [
            236.5,
            105.0
        ],
        "radius": 3.201662063598633
    },
    {
        "label": "apple",
        "point": [
            234.7142791748047,
            95.64286041259766
        ],
        "radius": 2.3745028972625732
    },
    {
        "label": "apple",
        "point": [
            242.0,
            92.0
        ],
        "radius": 3.1623775959014893
    },
    {
        "label": "apple",
        "point": [
            237.0,
            84.5
        ],
        "radius": 1.500100016593933
    },
    {
        "label": "apple",
        "point": [
            249.5,
            78.5
        ],
        "radius": 2.9155757427215576
    },
    {
        "label": "apple",
        "point": [
            98.0,
            75.0
        ],
        "radius": 1.000100016593933
    },
    {
        "label": "apple",
        "point": [
            244.5,
            73.0
        ],
        "radius": 1.1181340217590332
    },
    {
        "label": "apple",
        "point": [
            257.0,
            69.5
        ],
        "radius": 3.6401548385620117
    },
    {
        "label": "apple",
        "point": [
            245.5,
            59.0
        ],
        "radius": 1.1181340217590332
    },
    {
        "label": "apple",
        "point": [
            258.27777099609375,
            58.27777862548828
        ],
        "radius": 3.221369504928589
    },
    {
        "label": "apple",
        "point": [
            250.13636779785156,
            59.772727966308594
        ],
        "radius": 3.870410919189453
    },
    {
        "label": "apple",
        "point": [
            253.5,
            51.38888931274414
        ],
        "radius": 4.638240814208984
    },
    {
        "label": "apple",
        "point": [
            253.0,
            41.5
        ],
        "radius": 1.1181340217590332
    },
    {
        "label": "apple",
        "point": [
            244.64285278320312,
            34.64285659790039
        ],
        "radius": 2.7200229167938232
    },
    {
        "label": "apple",
        "point": [
            264.0,
            30.0
        ],
        "radius": 2.2361679077148438
    },
    {
        "label": "apple",
        "point": [
            254.5,
            28.0
        ],
        "radius": 1.1181340217590332
    },
    {
        "label": "apple",
        "point": [
            20.0,
            1.0
        ],
        "radius": 1.000100016593933
    }
]