[
    {
        "label": "apple",
        "point": [
            74.0,
            89.5
        ],
        "radius": 7.159010887145996
    },
    {
        "label": "apple",
        "point": [
            89.0,
            83.0
        ],
        "radius": 18.110870361328125
    },
    {
        "label": "apple",
        "point": [
            158.0,
            67.0
        ],
        "radius": 12.16562557220459
    },
    {
        "label": "apple",
        "point": [
            120.0,
            69.0
        ],
        "radius": 13.601571083068848
    }
]