[
    {
        "label": "apple",
        "point": [
            195.25,
            145.0
        ],
        "radius": 1.250100016593933
    },
    {
        "label": "apple",
        "point": [
            110.0,
            143.0
        ],
        "radius": 2.2361679077148438
    },
    {
        "label": "apple",
        "point": [
            114.5,
            131.5
        ],
        "radius": 1.581238865852356
    },
    {
        "label": "apple",
        "point": [
            149.5,
            121.0
        ],
        "radius": 2.6926822662353516
    },
    {
        "label": "apple",
        "point": [
            108.5,
            106.0
        ],
        "radius": 1.8028756380081177
    },
    {
        "label": "apple",
        "point": [
            192.5,
            105.0
        ],
        "radius": 1.8028756380081177
    },
    {
        "label": "apple",
        "point": [
            170.7105255126953,
            101.5526351928711
        ],
        "radius": 2.7663915157318115
    },
    {
        "label": "apple",
        "point": [
            133.64285278320312,
            101.5
        ],
        "radius": 3.677114725112915
    },
    {
        "label": "apple",
        "point": [
            230.5,
            94.5
        ],
        "radius": 2.549609661102295
    },
    {
        "label": "apple",
        "point": [
            266.5,
            87.5
        ],
        "radius": 1.581238865852356
    },
    {
        "label": "apple",
        "point": [
            172.0,
            87.0
        ],
        "radius": 2.0000998973846436
    },
    {
        "label": "apple",
        "point": [
            134.11538696289062,
            83.65384674072266
        ],
        "radius": 2.507483959197998
    },
    {
        "label": "apple",
        "point": [
            207.5,
            83.0
        ],
        "radius": 6.265082359313965
    },
    {
        "label": "apple",
        "point": [
            249.5,
            80.0
        ],
        "radius": 2.6926822662353516
    },
    {
        "label": "apple",
        "point": [
            96.5,
            78.5
        ],
        "radius": 1.581238865852356
    },
    {
        "label": "apple",
        "point": [
            56.5,
            79.0
        ],
        "radius": 3.6401548385620117
    },
    {
        "label": "apple",
        "point": [
            239.5,
            81.0
        ],
        "radius": 9.60478687286377
    },
    {
        "label": "apple",
        "point": [
            243.0,
            74.0
        ],
        "radius": 2.2361679077148438
    },
    {
        "label": "apple",
        "point": [
            197.0,
            72.5
        ],
        "radius": 3.0414812564849854
    },
    {
        "label": "apple",
        "point": [
            49.5,
            71.0
        ],
        "radius": 2.6926822662353516
    },
    {
        "label": "apple",
        "point": [
            59.0,
            69.5
        ],
        "radius": 3.0414812564849854
    },
    {
        "label": "apple",
        "point": [
            257.5,
            69.0
        ],
        "radius": 6.500100135803223
    },
    {
        "label": "apple",
        "point": [
            239.0,
            68.5
        ],
        "radius": 2.5000998973846436
    },
    {
        "label": "apple",
        "point": [
            52.5,
            62.5
        ],
        "radius": 3.8079864978790283
    },
    {
        "label": "apple",
        "point": [
            18.0,
            61.0
        ],
        "radius": 1.000100016593933
    },
    {
        "label": "apple",
        "point": [
            32.0,
            56.5
        ],
        "radius": 4.272101879119873
    },
    {
        "label": "apple",
        "point": [
            239.0,
            53.5
        ],
        "radius": 1.1181340217590332
    },
    {
        "label": "apple",
        "point": [
            10.75,
            54.75
        ],
        "radius": 2.850538492202759
    },
    {
        "label": "apple",
        "point": [
            176.0,
            48.5
        ],
        "radius": 2.061652660369873
    },
    {
        "label": "apple",
        "point": [
            119.0,
            47.0
        ],
        "radius": 2.2361679077148438
    },
    {
        "label": "apple",
        "point": [
            124.78571319580078,
            46.78571319580078
        ],
        "radius": 2.5254828929901123
    },
    {
        "label": "apple",
        "point": [
            52.5,
            44.5
        ],
        "radius": 2.549609661102295
    },
    {
        "label": "apple",
        "point": [
            176.5,
            39.0
        ],
        "radius": 1.8028756380081177
    },
    {
        "label": "apple",
        "point": [
            40.0,
            38.0
        ],
        "radius": 3.1623775959014893
    },
    {
        "label": "apple",
        "point": [
            194.5,
            37.5
        ],
        "radius": 4.743516445159912
    },
    {
        "label": "apple",
        "point": [
            29.0,
            34.5
        ],
        "radius": 3.3542017936706543
    },
    {
        "label": "apple",
        "point": [
            66.5,
            31.5
        ],
        "radius": 1.581238865852356
    },
    {
        "label": "apple",
        "point": [
            45.0,
            30.0
        ],
        "radius": 1.000100016593933
    },
    {
        "label": "apple",
        "point": [
            34.5,
            25.0
        ],
        "radius": 1.500100016593933
    },
    {
        "label": "apple",
        "point": [
            46.5,
            19.5
        ],
        "radius": 1.581238865852356
    },
    {
        "label": "apple",
        "point": [
            126.0,
            21.0
        ],
        "radius": 4.123205661773682
    },
    {
        "label": "apple",
        "point": [
            72.16666412353516,
            11.166666984558105
        ],
        "radius": 1.1786129474639893
    },
    {
        "label": "apple",
        "point": [
            129.5,
            8.5
        ],
        "radius": 3.8079864978790283
    },
    {
        "label": "apple",
        "point": [
            74.5,
            7.5
        ],
        "radius": 2.549609661102295
    }
]