[
    {
        "label": "apple",
        "point": [
            52.0,
            100.5
        ],
        "radius": 3.3542017936706543
    },
    {
        "label": "apple",
        "point": [
            66.0,
            126.0
        ],
        "radius": 37.85508728027344
    },
    {
        "label": "apple",
        "point": [
            205.5,
            90.5
        ],
        "radius": 31.945363998413086
    },
    {
        "label": "apple",
        "point": [
            140.56964111328125,
            90.812744140625
        ],
        "radius": 40.761863708496094
    }
]