[
    {
        "label": "apple",
        "point": [
            98.0,
            142.0
        ],
        "radius": 3.6056511402130127
    },
    {
        "label": "apple",
        "point": [
            158.25,
            131.5
        ],
        "radius": 6.270068168640137
    },
    {
        "label": "apple",
        "point": [
            153.5,
            126.5
        ],
        "radius": 1.581238865852356
    },
    {
        "label": "apple",
        "point": [
            135.5,
            138.0
        ],
        "radius": 34.51458740234375
    },
    {
        "label": "apple",
        "point": [
            120.5,
            121.0
        ],
        "radius": 1.1181340217590332
    },
    {
        "label": "apple",
        "point": [
            163.5,
            22.0
        ],
        "radius": 2.5000998973846436
    }
]