[
    {
        "label": "apple",
        "point": [
            263.0,
            179.0
        ],
        "radius": 5.099119663238525
    },
    {
        "label": "apple",
        "point": [
            9.511628150939941,
            177.7558135986328
        ],
        "radius": 9.75025749206543
    },
    {
        "label": "apple",
        "point": [
            165.0,
            163.5
        ],
        "radius": 1.1181340217590332
    },
    {
        "label": "apple",
        "point": [
            119.97534942626953,
            163.0
        ],
        "radius": 71.08808135986328
    },
    {
        "label": "apple",
        "point": [
            185.0,
            157.5
        ],
        "radius": 3.3542017936706543
    },
    {
        "label": "apple",
        "point": [
            59.0,
            154.0
        ],
        "radius": 1.414313554763794
    },
    {
        "label": "apple",
        "point": [
            63.75,
            152.0
        ],
        "radius": 1.250100016593933
    },
    {
        "label": "apple",
        "point": [
            182.5,
            129.0
        ],
        "radius": 7.566473007202148
    },
    {
        "label": "apple",
        "point": [
            5.5,
            121.0
        ],
        "radius": 4.924529075622559
    },
    {
        "label": "apple",
        "point": [
            20.0,
            118.0
        ],
        "radius": 8.24631118774414
    },
    {
        "label": "apple",
        "point": [
            119.0,
            108.5
        ],
        "radius": 2.061652660369873
    },
    {
        "label": "apple",
        "point": [
            4.0,
            110.0
        ],
        "radius": 4.123205661773682
    },
    {
        "label": "apple",
        "point": [
            133.0,
            106.0
        ],
        "radius": 10.049975395202637
    },
    {
        "label": "apple",
        "point": [
            128.5,
            102.0
        ],
        "radius": 1.500100016593933
    },
    {
        "label": "apple",
        "point": [
            43.5,
            108.0
        ],
        "radius": 9.708344459533691
    },
    {
        "label": "apple",
        "point": [
            203.0,
            104.0
        ],
        "radius": 12.16562557220459
    },
    {
        "label": "apple",
        "point": [
            170.5,
            98.0
        ],
        "radius": 13.647443771362305
    },
    {
        "label": "apple",
        "point": [
            141.0,
            81.5
        ],
        "radius": 9.34087085723877
    },
    {
        "label": "apple",
        "point": [
            7.5,
            78.0
        ],
        "radius": 1.8028756380081177
    },
    {
        "label": "apple",
        "point": [
            200.0,
            78.5
        ],
        "radius": 16.007909774780273
    },
    {
        "label": "apple",
        "point": [
            208.5,
            61.5
        ],
        "radius": 10.511998176574707
    },
    {
        "label": "apple",
        "point": [
            107.0,
            53.0
        ],
        "radius": 7.280210018157959
    },
    {
        "label": "apple",
        "point": [
            8.5,
            52.0
        ],
        "radius": 3.6401548385620117
    },
    {
        "label": "apple",
        "point": [
            26.0,
            43.0
        ],
        "radius": 3.1623775959014893
    },
    {
        "label": "apple",
        "point": [
            7.0,
            40.0
        ],
        "radius": 1.000100016593933
    },
    {
        "label": "apple",
        "point": [
            24.5,
            39.5
        ],
        "radius": 3.5356338024139404
    },
    {
        "label": "apple",
        "point": [
            22.0,
            34.5
        ],
        "radius": 3.0414812564849854
    },
    {
        "label": "apple",
        "point": [
            11.0,
            29.5
        ],
        "radius": 1.1181340217590332
    },
    {
        "label": "apple",
        "point": [
            23.5,
            27.5
        ],
        "radius": 2.549609661102295
    },
    {
        "label": "apple",
        "point": [
            5.5,
            22.0
        ],
        "radius": 5.590270042419434
    },
    {
        "label": "apple",
        "point": [
            67.0,
            17.5
        ],
        "radius": 1.1181340217590332
    },
    {
        "label": "apple",
        "point": [
            46.5,
            9.5
        ],
        "radius": 1.581238865852356
    },
    {
        "label": "apple",
        "point": [
            10.5,
            8.0
        ],
        "radius": 9.552586555480957
    },
    {
        "label": "apple",
        "point": [
            51.5,
            0.0
        ],
        "radius": 2.5000998973846436
    }
]