[
    {
        "label": "apple",
        "point": [
            102.5,
            176.4375
        ],
        "radius": 8.800180435180664
    },
    {
        "label": "apple",
        "point": [
            166.0,
            166.0
        ],
        "radius": 1.414313554763794
    },
    {
        "label": "apple",
        "point": [
            163.5,
            164.5
        ],
        "radius": 2.9155757427215576
    },
    {
        "label": "apple",
        "point": [
            142.5,
            150.0
        ],
        "radius": 1.1181340217590332
    },
    {
        "label": "apple",
        "point": [
            78.65328216552734,
            138.95985412597656
        ],
        "radius": 21.70897102355957
    },
    {
        "label": "apple",
        "point": [
            193.5,
            98.5
        ],
        "radius": 1.581238865852356
    },
    {
        "label": "apple",
        "point": [
            150.5,
            97.5
        ],
        "radius": 4.301262855529785
    },
    {
        "label": "apple",
        "point": [
            199.5,
            102.0
        ],
        "radius": 16.225080490112305
    },
    {
        "label": "apple",
        "point": [
            202.0,
            90.5
        ],
        "radius": 2.5000998973846436
    },
    {
        "label": "apple",
        "point": [
            109.5,
            105.0
        ],
        "radius": 16.919023513793945
    },
    {
        "label": "apple",
        "point": [
            99.5,
            87.5
        ],
        "radius": 1.581238865852356
    },
    {
        "label": "apple",
        "point": [
            106.0,
            84.0
        ],
        "radius": 1.414313554763794
    },
    {
        "label": "apple",
        "point": [
            150.5,
            88.0
        ],
        "radius": 6.18475866317749
    },
    {
        "label": "apple",
        "point": [
            145.5,
            82.0
        ],
        "radius": 1.1181340217590332
    },
    {
        "label": "apple",
        "point": [
            133.0,
            86.0
        ],
        "radius": 15.03339672088623
    },
    {
        "label": "apple",
        "point": [
            168.85000610351562,
            77.83000183105469
        ],
        "radius": 15.87181282043457
    },
    {
        "label": "apple",
        "point": [
            189.53334045410156,
            64.53333282470703
        ],
        "radius": 10.653837203979492
    },
    {
        "label": "apple",
        "point": [
            177.5,
            59.0
        ],
        "radius": 2.061652660369873
    },
    {
        "label": "apple",
        "point": [
            222.0,
            55.0
        ],
        "radius": 18.027854919433594
    },
    {
        "label": "apple",
        "point": [
            209.06716918945312,
            48.582088470458984
        ],
        "radius": 12.588889122009277
    }
]