[
    {
        "label": "apple",
        "point": [
            113.5,
            166.0
        ],
        "radius": 1.1181340217590332
    },
    {
        "label": "apple",
        "point": [
            113.0,
            154.0
        ],
        "radius": 11.180439949035645
    },
    {
        "label": "apple",
        "point": [
            206.5,
            119.0
        ],
        "radius": 3.6401548385620117
    },
    {
        "label": "apple",
        "point": [
            195.5,
            105.0
        ],
        "radius": 2.061652660369873
    },
    {
        "label": "apple",
        "point": [
            182.0,
            69.0
        ],
        "radius": 1.000100016593933
    },
    {
        "label": "apple",
        "point": [
            262.5,
            65.0
        ],
        "radius": 1.500100016593933
    },
    {
        "label": "apple",
        "point": [
            142.6999969482422,
            61.70000076293945
        ],
        "radius": 1.8385791778564453
    },
    {
        "label": "apple",
        "point": [
            204.5,
            60.5
        ],
        "radius": 2.9155757427215576
    },
    {
        "label": "apple",
        "point": [
            146.0,
            59.0
        ],
        "radius": 1.000100016593933
    },
    {
        "label": "apple",
        "point": [
            203.5,
            54.0
        ],
        "radius": 1.8028756380081177
    },
    {
        "label": "apple",
        "point": [
            4.0,
            42.0
        ],
        "radius": 1.000100016593933
    },
    {
        "label": "apple",
        "point": [
            143.5,
            10.5
        ],
        "radius": 6.670932292938232
    }
]