[
    {
        "label": "apple",
        "point": [
            56.0,
            132.5
        ],
        "radius": 3.201662063598633
    },
    {
        "label": "apple",
        "point": [
            59.0,
            124.0
        ],
        "radius": 1.000100016593933
    },
    {
        "label": "apple",
        "point": [
            81.2272720336914,
            124.7727279663086
        ],
        "radius": 3.9213292598724365
    },
    {
        "label": "apple",
        "point": [
            42.5,
            101.0
        ],
        "radius": 10.500100135803223
    },
    {
        "label": "apple",
        "point": [
            93.5,
            93.0
        ],
        "radius": 5.852449893951416
    },
    {
        "label": "apple",
        "point": [
            82.5,
            87.5
        ],
        "radius": 1.581238865852356
    },
    {
        "label": "apple",
        "point": [
            217.5,
            90.5
        ],
        "radius": 8.631438255310059
    },
    {
        "label": "apple",
        "point": [
            78.5,
            82.5
        ],
        "radius": 2.9155757427215576
    },
    {
        "label": "apple",
        "point": [
            121.5,
            88.5
        ],
        "radius": 20.359373092651367
    },
    {
        "label": "apple",
        "point": [
            81.5,
            75.0
        ],
        "radius": 3.0414812564849854
    },
    {
        "label": "apple",
        "point": [
            94.06700897216797,
            73.14948272705078
        ],
        "radius": 13.52083683013916
    },
    {
        "label": "apple",
        "point": [
            103.5,
            40.5
        ],
        "radius": 1.581238865852356
    },
    {
        "label": "apple",
        "point": [
            98.0,
            38.5
        ],
        "radius": 2.5000998973846436
    },
    {
        "label": "apple",
        "point": [
            91.0,
            33.75
        ],
        "radius": 1.250100016593933
    },
    {
        "label": "apple",
        "point": [
            73.5,
            37.5
        ],
        "radius": 11.510964393615723
    },
    {
        "label": "apple",
        "point": [
            148.5,
            26.0
        ],
        "radius": 5.590270042419434
    },
    {
        "label": "apple",
        "point": [
            105.0,
            21.0
        ],
        "radius": 17.49295425415039
    }
]