[
    {
        "label": "apple",
        "point": [
            53.31563186645508,
            162.7484893798828
        ],
        "radius": 14.80716609954834
    },
    {
        "label": "apple",
        "point": [
            83.5,
            149.3947296142578
        ],
        "radius": 19.064680099487305
    },
    {
        "label": "apple",
        "point": [
            216.5,
            119.0
        ],
        "radius": 1.1181340217590332
    },
    {
        "label": "apple",
        "point": [
            254.8157958984375,
            111.39473724365234
        ],
        "radius": 3.241321086883545
    },
    {
        "label": "apple",
        "point": [
            147.93478393554688,
            102.71739196777344
        ],
        "radius": 5.225183486938477
    },
    {
        "label": "apple",
        "point": [
            228.296630859375,
            104.15290832519531
        ],
        "radius": 17.15993881225586
    },
    {
        "label": "apple",
        "point": [
            235.5,
            86.5
        ],
        "radius": 1.581238865852356
    },
    {
        "label": "apple",
        "point": [
            253.89999389648438,
            80.0999984741211
        ],
        "radius": 2.102485418319702
    },
    {
        "label": "apple",
        "point": [
            236.5,
            76.0
        ],
        "radius": 12.175895690917969
    },
    {
        "label": "apple",
        "point": [
            227.0,
            67.5
        ],
        "radius": 1.8028756380081177
    },
    {
        "label": "apple",
        "point": [
            231.0,
            59.0
        ],
        "radius": 3.1623775959014893
    },
    {
        "label": "apple",
        "point": [
            135.0,
            56.0
        ],
        "radius": 1.000100016593933
    },
    {
        "label": "apple",
        "point": [
            145.59524536132812,
            61.7023811340332
        ],
        "radius": 10.655519485473633
    },
    {
        "label": "apple",
        "point": [
            137.0,
            45.5
        ],
        "radius": 2.061652660369873
    }
]