[
    {
        "label": "apple",
        "point": [
            60.5,
            165.0
        ],
        "radius": 15.787753105163574
    },
    {
        "label": "apple",
        "point": [
            109.0,
            158.5
        ],
        "radius": 3.0414812564849854
    },
    {
        "label": "apple",
        "point": [
            117.5,
            154.0
        ],
        "radius": 1.8028756380081177
    },
    {
        "label": "apple",
        "point": [
            77.5,
            156.0
        ],
        "radius": 6.265082359313965
    },
    {
        "label": "apple",
        "point": [
            65.0,
            152.0
        ],
        "radius": 1.000100016593933
    },
    {
        "label": "apple",
        "point": [
            111.5,
            153.0
        ],
        "radius": 2.5000998973846436
    },
    {
        "label": "apple",
        "point": [
            87.5,
            143.0
        ],
        "radius": 2.6926822662353516
    },
    {
        "label": "apple",
        "point": [
            122.0,
            141.0
        ],
        "radius": 3.1623775959014893
    },
    {
        "label": "apple",
        "point": [
            67.5,
            140.5
        ],
        "radius": 1.581238865852356
    },
    {
        "label": "apple",
        "point": [
            98.5,
            146.0
        ],
        "radius": 19.52572250366211
    },
    {
        "label": "apple",
        "point": [
            161.0,
            131.5
        ],
        "radius": 13.238302230834961
    },
    {
        "label": "apple",
        "point": [
            187.2567596435547,
            132.770263671875
        ],
        "radius": 11.094764709472656
    },
    {
        "label": "apple",
        "point": [
            146.5,
            125.5
        ],
        "radius": 5.147915363311768
    },
    {
        "label": "apple",
        "point": [
            124.0,
            62.0
        ],
        "radius": 2.2361679077148438
    },
    {
        "label": "apple",
        "point": [
            166.5,
            56.5
        ],
        "radius": 13.209944725036621
    },
    {
        "label": "apple",
        "point": [
            254.7058868408203,
            18.147058486938477
        ],
        "radius": 6.974161624908447
    },
    {
        "label": "apple",
        "point": [
            269.0,
            12.0
        ],
        "radius": 3.0000998973846436
    },
    {
        "label": "apple",
        "point": [
            50.5,
            0.5
        ],
        "radius": 1.581238865852356
    }
]