[
    {
        "label": "apple",
        "point": [
            161.0,
            178.0
        ],
        "radius": 9.055485725402832
    },
    {
        "label": "apple",
        "point": [
            129.5,
            159.0
        ],
        "radius": 13.647443771362305
    },
    {
        "label": "apple",
        "point": [
            174.5,
            157.0
        ],
        "radius": 9.013978004455566
    },
    {
        "label": "apple",
        "point": [
            142.0,
            143.5
        ],
        "radius": 1.1181340217590332
    },
    {
        "label": "apple",
        "point": [
            125.19230651855469,
            145.26922607421875
        ],
        "radius": 10.3383150100708
    },
    {
        "label": "apple",
        "point": [
            164.0,
            141.5
        ],
        "radius": 6.18475866317749
    },
    {
        "label": "apple",
        "point": [
            126.5,
            130.0
        ],
        "radius": 7.566473007202148
    },
    {
        "label": "apple",
        "point": [
            183.0,
            126.5
        ],
        "radius": 10.111974716186523
    },
    {
        "label": "apple",
        "point": [
            196.5,
            116.5
        ],
        "radius": 2.12142014503479
    },
    {
        "label": "apple",
        "point": [
            125.0,
            116.5
        ],
        "radius": 8.321758270263672
    },
    {
        "label": "apple",
        "point": [
            177.0,
            112.5
        ],
        "radius": 21.05360221862793
    },
    {
        "label": "apple",
        "point": [
            105.5,
            110.5
        ],
        "radius": 5.700977325439453
    },
    {
        "label": "apple",
        "point": [
            176.5,
            90.5
        ],
        "radius": 3.8079864978790283
    },
    {
        "label": "apple",
        "point": [
            140.5,
            84.5
        ],
        "radius": 21.31910514831543
    },
    {
        "label": "apple",
        "point": [
            121.5,
            66.0
        ],
        "radius": 3.6401548385620117
    },
    {
        "label": "apple",
        "point": [
            160.0,
            63.0
        ],
        "radius": 23.086891174316406
    },
    {
        "label": "apple",
        "point": [
            142.0,
            43.5
        ],
        "radius": 19.52572250366211
    },
    {
        "label": "apple",
        "point": [
            121.0,
            37.0
        ],
        "radius": 10.770429611206055
    },
    {
        "label": "apple",
        "point": [
            152.5,
            25.5
        ],
        "radius": 12.589778900146484
    },
    {
        "label": "apple",
        "point": [
            176.1666717529297,
            18.5
        ],
        "radius": 1.9003875255584717
    },
    {
        "label": "apple",
        "point": [
            139.0,
            11.5
        ],
        "radius": 9.34087085723877
    },
    {
        "label": "apple",
        "point": [
            158.0,
            0.5
        ],
        "radius": 3.0414812564849854
    }
]