[
    {
        "label": "apple",
        "point": [
            110.0,
            151.75
        ],
        "radius": 1.250100016593933
    },
    {
        "label": "apple",
        "point": [
            59.065216064453125,
            118.28260803222656
        ],
        "radius": 5.225186824798584
    },
    {
        "label": "apple",
        "point": [
            122.29747009277344,
            106.52531433105469
        ],
        "radius": 5.8470845222473145
    },
    {
        "label": "apple",
        "point": [
            118.0,
            104.0
        ],
        "radius": 2.8285269737243652
    },
    {
        "label": "apple",
        "point": [
            202.5,
            100.5
        ],
        "radius": 2.549609661102295
    },
    {
        "label": "apple",
        "point": [
            127.5,
            98.5
        ],
        "radius": 1.581238865852356
    },
    {
        "label": "apple",
        "point": [
            197.0,
            96.5
        ],
        "radius": 1.1181340217590332
    },
    {
        "label": "apple",
        "point": [
            126.5,
            95.0
        ],
        "radius": 1.1181340217590332
    },
    {
        "label": "apple",
        "point": [
            197.5,
            88.0
        ],
        "radius": 4.609872341156006
    },
    {
        "label": "apple",
        "point": [
            134.0,
            85.0
        ],
        "radius": 1.414313554763794
    },
    {
        "label": "apple",
        "point": [
            141.0,
            84.5
        ],
        "radius": 3.3542017936706543
    },
    {
        "label": "apple",
        "point": [
            203.5,
            83.5
        ],
        "radius": 2.9155757427215576
    },
    {
        "label": "apple",
        "point": [
            168.0,
            93.5
        ],
        "radius": 44.51133346557617
    },
    {
        "label": "apple",
        "point": [
            179.0,
            78.5
        ],
        "radius": 1.1181340217590332
    },
    {
        "label": "apple",
        "point": [
            121.5,
            63.5
        ],
        "radius": 2.549609661102295
    },
    {
        "label": "apple",
        "point": [
            76.0,
            61.0
        ],
        "radius": 2.2361679077148438
    },
    {
        "label": "apple",
        "point": [
            119.0,
            59.0
        ],
        "radius": 1.414313554763794
    },
    {
        "label": "apple",
        "point": [
            82.4254150390625,
            75.10497283935547
        ],
        "radius": 36.78150177001953
    },
    {
        "label": "apple",
        "point": [
            109.5,
            50.0
        ],
        "radius": 1.500100016593933
    },
    {
        "label": "apple",
        "point": [
            161.5,
            28.5
        ],
        "radius": 8.514793395996094
    },
    {
        "label": "apple",
        "point": [
            157.0,
            25.0
        ],
        "radius": 2.0000998973846436
    },
    {
        "label": "apple",
        "point": [
            75.5,
            15.5
        ],
        "radius": 2.549609661102295
    }
]