[
    {
        "label": "apple",
        "point": [
            260.0,
            169.0
        ],
        "radius": 1.000100016593933
    },
    {
        "label": "apple",
        "point": [
            265.5,
            155.5
        ],
        "radius": 9.617792129516602
    },
    {
        "label": "apple",
        "point": [
            234.5,
            145.5
        ],
        "radius": 1.581238865852356
    },
    {
        "label": "apple",
        "point": [
            247.0,
            142.5
        ],
        "radius": 1.500100016593933
    },
    {
        "label": "apple",
        "point": [
            265.5,
            133.0
        ],
        "radius": 1.1181340217590332
    },
    {
        "label": "apple",
        "point": [
            251.5,
            125.5
        ],
        "radius": 1.581238865852356
    },
    {
        "label": "apple",
        "point": [
            230.5,
            128.5
        ],
        "radius": 8.514793395996094
    },
    {
        "label": "apple",
        "point": [
            137.0,
            101.0
        ],
        "radius": 1.414313554763794
    },
    {
        "label": "apple",
        "point": [
            145.0,
            94.0
        ],
        "radius": 8.24631118774414
    },
    {
        "label": "apple",
        "point": [
            229.5,
            113.0
        ],
        "radius": 48.818641662597656
    },
    {
        "label": "apple",
        "point": [
            233.5,
            71.5
        ],
        "radius": 6.670932292938232
    },
    {
        "label": "apple",
        "point": [
            211.5,
            67.0
        ],
        "radius": 1.1181340217590332
    },
    {
        "label": "apple",
        "point": [
            162.27272033691406,
            61.90909194946289
        ],
        "radius": 20.902278900146484
    }
]