[
    {
        "label": "apple",
        "point": [
            218.5,
            176.5
        ],
        "radius": 5.700977325439453
    },
    {
        "label": "apple",
        "point": [
            191.5,
            168.5
        ],
        "radius": 6.5193023681640625
    },
    {
        "label": "apple",
        "point": [
            194.48387145996094,
            147.3225860595703
        ],
        "radius": 5.525652885437012
    },
    {
        "label": "apple",
        "point": [
            42.58546829223633,
            145.2179412841797
        ],
        "radius": 7.625772953033447
    },
    {
        "label": "apple",
        "point": [
            220.0,
            142.46665954589844
        ],
        "radius": 7.533426284790039
    },
    {
        "label": "apple",
        "point": [
            133.0,
            124.5
        ],
        "radius": 1.1181340217590332
    },
    {
        "label": "apple",
        "point": [
            107.5,
            124.5
        ],
        "radius": 2.549609661102295
    },
    {
        "label": "apple",
        "point": [
            178.63636779785156,
            129.09091186523438
        ],
        "radius": 6.637081623077393
    },
    {
        "label": "apple",
        "point": [
            100.0,
            123.0
        ],
        "radius": 2.2361679077148438
    },
    {
        "label": "apple",
        "point": [
            61.0,
            120.5
        ],
        "radius": 1.1181340217590332
    },
    {
        "label": "apple",
        "point": [
            153.3478240966797,
            126.91304016113281
        ],
        "radius": 8.900407791137695
    },
    {
        "label": "apple",
        "point": [
            178.5,
            119.5
        ],
        "radius": 1.581238865852356
    },
    {
        "label": "apple",
        "point": [
            131.5,
            118.0
        ],
        "radius": 1.8028756380081177
    },
    {
        "label": "apple",
        "point": [
            80.5,
            120.5
        ],
        "radius": 7.648629188537598
    },
    {
        "label": "apple",
        "point": [
            109.64286041259766,
            117.5
        ],
        "radius": 3.677107572555542
    },
    {
        "label": "apple",
        "point": [
            64.5,
            117.0
        ],
        "radius": 6.576573371887207
    },
    {
        "label": "apple",
        "point": [
            48.727272033691406,
            109.38636016845703
        ],
        "radius": 9.871822357177734
    },
    {
        "label": "apple",
        "point": [
            31.0,
            105.69999694824219
        ],
        "radius": 3.448286294937134
    },
    {
        "label": "apple",
        "point": [
            121.60169219970703,
            107.21186065673828
        ],
        "radius": 7.611428737640381
    },
    {
        "label": "apple",
        "point": [
            34.5,
            100.5
        ],
        "radius": 1.581238865852356
    },
    {
        "label": "apple",
        "point": [
            194.3235321044922,
            108.32353210449219
        ],
        "radius": 11.559558868408203
    },
    {
        "label": "apple",
        "point": [
            57.0,
            92.0
        ],
        "radius": 2.2361679077148438
    },
    {
        "label": "apple",
        "point": [
            69.33734893798828,
            98.65662384033203
        ],
        "radius": 8.96672534942627
    },
    {
        "label": "apple",
        "point": [
            10.0,
            101.0
        ],
        "radius": 15.811488151550293
    },
    {
        "label": "apple",
        "point": [
            267.25,
            83.0
        ],
        "radius": 1.250100016593933
    },
    {
        "label": "apple",
        "point": [
            262.0,
            83.0
        ],
        "radius": 1.414313554763794
    },
    {
        "label": "apple",
        "point": [
            182.0,
            83.0
        ],
        "radius": 3.1623775959014893
    },
    {
        "label": "apple",
        "point": [
            130.0,
            86.0
        ],
        "radius": 12.530064582824707
    },
    {
        "label": "apple",
        "point": [
            108.5,
            75.5
        ],
        "radius": 1.581238865852356
    },
    {
        "label": "apple",
        "point": [
            149.0,
            75.0
        ],
        "radius": 5.385264873504639
    },
    {
        "label": "apple",
        "point": [
            94.33502197265625,
            85.74365234375
        ],
        "radius": 15.578636169433594
    },
    {
        "label": "apple",
        "point": [
            114.0,
            68.5
        ],
        "radius": 1.1181340217590332
    },
    {
        "label": "apple",
        "point": [
            120.0,
            69.0
        ],
        "radius": 3.1623775959014893
    },
    {
        "label": "apple",
        "point": [
            141.5,
            67.5
        ],
        "radius": 2.9155757427215576
    },
    {
        "label": "apple",
        "point": [
            261.8571472167969,
            72.0
        ],
        "radius": 9.313243865966797
    },
    {
        "label": "apple",
        "point": [
            1.5,
            73.0
        ],
        "radius": 8.139510154724121
    },
    {
        "label": "apple",
        "point": [
            114.5,
            58.0
        ],
        "radius": 2.6926822662353516
    },
    {
        "label": "apple",
        "point": [
            76.5,
            61.5
        ],
        "radius": 10.12432861328125
    },
    {
        "label": "apple",
        "point": [
            56.1315803527832,
            55.23684310913086
        ],
        "radius": 8.063644409179688
    },
    {
        "label": "apple",
        "point": [
            268.1666564941406,
            42.16666793823242
        ],
        "radius": 1.1786175966262817
    },
    {
        "label": "apple",
        "point": [
            2.0,
            36.0
        ],
        "radius": 1.414313554763794
    },
    {
        "label": "apple",
        "point": [
            260.0,
            37.5
        ],
        "radius": 9.34087085723877
    },
    {
        "label": "apple",
        "point": [
            198.47015380859375,
            31.84328269958496
        ],
        "radius": 10.690065383911133
    },
    {
        "label": "apple",
        "point": [
            264.0,
            25.0
        ],
        "radius": 4.472236156463623
    },
    {
        "label": "apple",
        "point": [
            244.5,
            17.5
        ],
        "radius": 9.617792129516602
    },
    {
        "label": "apple",
        "point": [
            117.0,
            3.0
        ],
        "radius": 7.280210018157959
    },
    {
        "label": "apple",
        "point": [
            18.5,
            4.0
        ],
        "radius": 14.080227851867676
    }
]