[
    {
        "label": "apple",
        "point": [
            238.0,
            182.0
        ],
        "radius": 2.2361679077148438
    },
    {
        "label": "apple",
        "point": [
            230.5,
            174.5
        ],
        "radius": 2.9155757427215576
    },
    {
        "label": "apple",
        "point": [
            189.3031463623047,
            178.2664031982422
        ],
        "radius": 16.39516258239746
    },
    {
        "label": "apple",
        "point": [
            145.0,
            152.0
        ],
        "radius": 4.472236156463623
    },
    {
        "label": "apple",
        "point": [
            107.68902587890625,
            162.65548706054688
        ],
        "radius": 36.82013702392578
    },
    {
        "label": "apple",
        "point": [
            207.5,
            144.0
        ],
        "radius": 8.90234661102295
    },
    {
        "label": "apple",
        "point": [
            3.2142856121063232,
            132.07142639160156
        ],
        "radius": 6.328685760498047
    },
    {
        "label": "apple",
        "point": [
            91.0,
            127.5
        ],
        "radius": 23.048959732055664
    },
    {
        "label": "apple",
        "point": [
            45.42341613769531,
            101.08026885986328
        ],
        "radius": 31.02515411376953
    },
    {
        "label": "apple",
        "point": [
            264.5,
            91.0
        ],
        "radius": 16.19423484802246
    },
    {
        "label": "apple",
        "point": [
            38.5,
            73.0
        ],
        "radius": 1.500100016593933
    },
    {
        "label": "apple",
        "point": [
            159.5,
            70.5
        ],
        "radius": 3.8079864978790283
    },
    {
        "label": "apple",
        "point": [
            168.0,
            58.0
        ],
        "radius": 5.385264873504639
    },
    {
        "label": "apple",
        "point": [
            178.0,
            46.5
        ],
        "radius": 1.8028756380081177
    },
    {
        "label": "apple",
        "point": [
            127.5,
            78.5
        ],
        "radius": 99.56163787841797
    },
    {
        "label": "apple",
        "point": [
            145.0,
            35.0
        ],
        "radius": 2.0000998973846436
    },
    {
        "label": "apple",
        "point": [
            117.5,
            33.0
        ],
        "radius": 2.6926822662353516
    },
    {
        "label": "apple",
        "point": [
            80.5,
            25.5
        ],
        "radius": 1.581238865852356
    },
    {
        "label": "apple",
        "point": [
            113.28571319580078,
            23.0
        ],
        "radius": 3.846647262573242
    },
    {
        "label": "apple",
        "point": [
            93.28260803222656,
            22.413043975830078
        ],
        "radius": 10.83434772491455
    },
    {
        "label": "apple",
        "point": [
            148.5,
            9.5
        ],
        "radius": 2.549609661102295
    },
    {
        "label": "apple",
        "point": [
            153.03164672851562,
            22.725317001342773
        ],
        "radius": 30.941699981689453
    },
    {
        "label": "apple",
        "point": [
            113.5,
            1.0
        ],
        "radius": 1.500100016593933
    }
]